model_id,ANKH,ANXA1,CYCSP46,DUSP22,EYA1,FAM49A,GAPDHP17,LCE3C,MCCD1P1,OR2T11,OR4V1P,OR52N5,RALGAPA2,RASSF8,RNA18S5,RNU7-41P,RNU7-71P,RNU7-77P,RPL21P44,RPS4Y2,SIRPB1,SLC1A2,TCP10L2,TFEC,TMPRSS4,TPCN2,TRIB2,TRQ-CTG11-1,TTLL13P,TYMSOS,UGT2B17,VGLL3,VOPP1,ZDHHC21,ZNF74,ZNF275,ZNF532,ZNF624,ZNF639,ZNF684,ZNF962P,ZPBP2
SIDM00003,3,3,3,3,4,3,3,2,2,5,3,2,3,4,2,4,4,2,3,2,3,4,3,3,3,3,2,4,2,3,3,3,3,3,0,0,0,0,0,0,4,2
SIDM00023,5,4,3,3,2,2,2,3,3,4,3,2,3,2,2,4,3,2,3,2,3,3,4,3,4,4,4,4,4,3,3,3,3,2,2,0,3,4,2,2,4,0
SIDM00040,4,3,5,2,2,4,0,3,2,3,3,2,2,4,2,3,2,2,2,2,3,3,2,3,4,3,3,3,2,2,2,3,3,3,0,0,0,4,3,0,4,2
SIDM00041,4,4,3,4,3,3,3,5,5,4,3,3,4,3,4,4,4,4,3,3,4,5,4,3,3,5,4,4,3,4,4,4,4,4,0,0,4,3,3,0,3,2
SIDM00042,6,4,4,4,8,6,5,4,2,3,5,3,9,8,4,5,3,3,4,3,4,6,6,5,6,5,6,4,5,4,5,2,4,5,0,0,11,5,5,0,8,4
SIDM00043,4,3,2,3,5,3,4,3,4,2,4,3,3,3,2,3,3,3,3,2,2,4,4,3,4,5,3,4,4,2,2,3,4,4,0,3,3,4,4,2,5,2
SIDM00044,4,2,9,4,3,3,2,2,2,3,2,2,3,8,2,2,3,2,2,2,3,4,1,2,2,5,2,3,4,3,3,3,3,3,1,0,3,2,3,0,3,4
SIDM00045,5,4,3,3,4,14,0,1,3,4,2,3,3,3,3,3,3,3,2,2,2,4,2,4,4,3,4,14,2,2,2,3,3,3,0,0,3,2,2,0,4,0
SIDM00046,7,2,1,3,5,3,3,3,3,6,1,2,3,2,2,4,2,4,3,1,1,5,2,2,3,14,4,2,4,2,2,3,2,3,0,0,3,4,3,0,2,2
SIDM00047,2,2,2,2,2,2,2,2,2,2,2,2,2,2,2,2,2,2,1,2,2,2,2,3,2,2,2,3,2,2,2,3,2,2,0,0,0,2,2,0,2,3
SIDM00048,2,2,2,2,2,3,2,1,2,1,3,2,3,2,1,2,2,1,2,2,2,2,2,3,3,3,2,2,2,2,2,2,2,2,0,0,0,3,3,0,2,2
SIDM00049,5,2,5,4,6,2,4,5,5,4,2,2,3,5,3,3,3,2,3,3,4,4,6,3,5,14,4,4,4,4,4,0,3,3,0,0,4,2,2,0,5,3
SIDM00050,4,2,3,2,3,3,3,2,4,4,3,2,3,3,2,2,4,3,3,3,3,3,2,4,3,4,2,2,5,3,3,4,3,3,0,0,0,3,3,2,3,4
SIDM00051,2,2,2,2,2,2,2,2,2,2,2,2,2,2,2,2,2,1,2,2,2,2,2,2,2,2,2,2,2,2,2,2,2,2,0,0,2,2,2,0,2,2
SIDM00052,5,2,2,3,2,2,3,2,3,2,2,3,3,4,2,2,3,2,3,1,2,3,2,3,3,4,2,2,1,2,2,3,3,3,0,0,3,3,2,0,2,2
SIDM00053,5,3,4,4,5,5,4,5,5,5,6,4,9,2,5,3,3,5,4,2,2,6,3,5,5,5,6,5,3,3,3,0,3,2,0,0,8,6,6,0,3,4
SIDM00054,10,4,5,7,6,5,0,5,6,14,3,7,5,6,6,5,6,7,5,6,5,6,6,7,5,8,5,5,4,6,5,7,6,7,0,0,7,5,5,0,12,1
SIDM00055,7,4,2,4,3,3,2,1,8,4,2,3,7,3,2,4,3,2,2,3,4,4,3,4,2,5,3,4,2,3,3,5,2,2,0,0,4,3,3,0,3,2
SIDM00056,4,4,4,0,5,5,4,4,5,4,5,4,4,4,4,4,4,2,3,2,4,4,4,5,5,4,4,4,5,4,4,4,4,4,0,0,0,5,5,0,5,4
SIDM00064,2,5,3,2,4,3,3,2,3,2,4,2,4,3,4,2,3,2,4,2,3,2,0,3,4,2,2,2,2,3,3,3,2,3,0,0,0,0,3,0,4,2
SIDM00077,2,2,2,2,2,2,2,1,3,1,2,2,2,2,2,2,2,2,2,2,1,2,2,2,2,4,2,2,2,1,1,2,2,2,0,0,2,2,1,0,2,2
SIDM00078,4,4,3,3,3,3,3,2,3,3,2,3,3,4,4,2,3,2,3,2,2,4,4,5,5,3,4,3,3,3,3,3,3,3,1,1,1,3,3,1,7,3
SIDM00079,4,4,4,4,4,4,4,2,4,3,4,4,6,4,4,5,4,4,2,4,4,4,4,6,4,2,4,4,3,3,3,4,4,4,0,0,0,5,4,0,6,4
SIDM00080,7,3,2,4,4,4,3,2,5,6,2,3,4,3,2,4,3,2,3,2,4,3,4,4,8,6,3,3,2,4,4,6,4,5,0,0,0,2,3,0,4,0
SIDM00081,4,3,3,4,6,6,4,3,4,5,2,4,5,3,3,6,5,2,4,3,4,6,3,4,6,4,3,7,3,5,5,5,4,4,0,2,2,3,6,0,6,1
SIDM00082,1,2,2,2,2,2,2,2,2,3,1,2,2,2,2,1,2,2,1,2,3,3,1,3,4,3,2,2,2,2,2,2,2,2,1,0,2,1,2,0,2,2
SIDM00083,3,3,3,4,4,2,4,3,4,3,2,1,3,2,3,3,4,2,3,2,4,5,3,3,2,5,3,3,2,3,3,4,3,3,0,0,0,2,2,0,3,2
SIDM00084,4,4,2,3,3,3,3,3,3,4,3,3,3,3,3,3,3,3,3,3,3,3,3,4,4,4,2,3,2,3,2,3,3,3,0,0,0,0,2,0,3,3
SIDM00085,3,2,2,3,3,4,3,1,2,3,3,3,3,2,2,2,3,2,3,2,2,2,3,3,3,3,2,2,1,3,2,3,2,3,0,0,6,2,4,0,3,2
SIDM00086,4,3,4,3,4,3,3,2,3,4,3,2,3,4,2,3,3,2,2,3,2,2,3,2,3,4,2,3,0,4,4,3,2,2,0,0,3,2,3,0,5,2
SIDM00087,2,4,2,0,3,2,4,2,2,4,4,3,3,3,2,1,4,2,2,3,3,6,2,3,4,4,2,4,3,3,3,4,2,5,0,0,4,4,0,0,3,4
SIDM00088,5,4,9,7,4,5,4,3,6,6,5,4,7,5,4,3,4,4,3,4,5,4,4,3,5,6,5,3,3,4,4,2,4,4,0,0,0,5,5,0,6,5
SIDM00090,5,3,2,3,2,2,4,2,3,1,2,2,2,2,3,2,2,1,2,1,3,2,1,2,3,2,3,2,2,2,2,2,3,3,0,0,2,3,2,0,8,3
SIDM00091,2,2,2,2,3,3,2,1,4,2,3,2,2,3,2,2,2,1,2,1,2,4,2,4,3,3,3,3,2,3,3,3,2,1,0,0,0,3,3,0,3,0
SIDM00092,3,2,4,4,2,2,3,2,4,5,4,3,3,2,2,4,3,3,2,1,3,3,2,2,3,4,2,3,3,3,2,4,2,4,0,0,4,3,2,0,3,0
SIDM00094,5,5,4,0,2,4,4,1,3,3,3,2,2,5,2,4,3,2,7,2,3,2,2,3,3,3,3,2,3,4,4,0,2,4,0,0,0,3,4,0,2,4
SIDM00095,3,3,2,3,4,2,3,4,3,4,2,3,2,2,2,2,3,2,2,2,3,3,3,2,2,4,3,2,2,2,2,3,4,3,0,0,7,2,2,0,4,2
SIDM00096,3,2,2,2,2,2,2,2,2,3,2,2,2,2,2,2,2,1,2,2,2,2,2,2,2,3,2,2,2,2,2,3,2,2,1,0,3,2,2,1,2,2
SIDM00096,3,2,2,2,2,2,2,2,2,3,2,2,2,2,2,2,2,1,2,2,2,2,2,2,2,3,2,2,2,2,2,3,2,2,1,0,3,2,2,1,2,2
SIDM00097,3,3,2,3,3,4,3,2,4,2,4,2,3,2,2,2,2,2,2,2,3,5,2,4,4,4,4,3,2,2,2,4,4,3,0,0,0,4,2,0,3,0
SIDM00098,3,2,3,0,2,2,4,3,3,4,2,3,3,3,3,2,2,1,2,1,3,3,2,3,2,4,2,2,0,3,3,0,3,3,0,0,2,3,2,0,2,2
SIDM00099,4,2,4,4,4,4,4,2,4,5,4,4,4,4,2,2,4,3,4,4,4,4,3,4,4,4,4,4,5,4,5,5,4,4,0,0,0,4,4,0,4,4
SIDM00100,4,3,1,3,3,2,4,2,2,4,3,4,4,3,3,3,4,2,4,3,6,4,3,4,3,4,3,3,3,3,3,3,3,4,0,0,3,4,4,0,3,3
SIDM00101,4,2,1,2,2,2,2,1,2,2,2,1,2,2,2,1,2,1,1,2,2,1,1,2,2,2,1,2,2,2,2,2,2,2,1,0,2,2,2,0,2,2
SIDM00102,8,6,5,6,6,4,5,3,6,5,4,5,3,5,3,3,3,2,4,5,5,5,5,6,4,9,3,4,4,5,5,6,6,5,2,0,12,4,4,0,6,3
SIDM00103,2,2,2,2,2,2,2,2,2,2,1,2,1,2,1,1,2,1,2,2,2,2,1,2,2,2,2,2,2,2,2,1,2,2,0,0,0,2,2,0,6,2
SIDM00104,6,3,4,4,3,4,4,2,4,4,3,4,5,5,4,3,4,2,2,3,2,3,2,4,4,7,3,4,4,3,3,4,4,4,0,0,4,4,4,0,3,4
SIDM00105,3,2,3,3,4,5,3,4,3,3,2,2,4,4,3,3,3,2,5,2,3,4,2,2,3,3,3,2,3,3,3,3,2,2,0,0,6,3,3,0,2,3
SIDM00107,2,2,1,2,2,2,2,2,2,3,2,2,2,2,2,2,2,2,2,1,3,2,1,2,2,3,2,2,2,2,2,2,2,2,0,0,2,2,2,0,2,0
SIDM00108,2,2,1,2,2,1,2,1,2,2,2,1,2,2,1,2,2,1,2,2,6,2,2,2,2,2,2,2,0,2,2,2,1,2,0,0,2,2,2,0,2,1
SIDM00111,3,2,1,2,2,2,2,2,2,2,1,2,2,3,2,2,2,1,2,1,2,3,2,2,2,3,2,3,3,2,2,3,2,1,1,0,0,0,2,1,2,2
SIDM00112,2,3,2,2,3,3,2,2,2,3,3,2,3,2,2,2,2,1,2,2,3,3,2,2,3,3,2,2,2,2,2,0,2,2,0,0,2,3,3,0,5,3
SIDM00112,2,3,2,2,3,3,2,2,2,3,3,2,3,2,2,2,2,1,2,2,3,3,2,2,3,3,2,2,2,2,2,0,2,2,0,0,2,3,3,0,5,3
SIDM00113,4,2,2,3,3,2,2,2,3,3,1,2,2,2,2,2,4,1,2,2,2,2,3,3,5,4,2,3,2,3,3,2,3,2,1,0,0,2,2,0,3,2
SIDM00114,4,4,3,4,4,2,3,2,4,3,4,4,4,3,3,3,4,2,2,1,2,3,4,3,4,3,3,2,2,3,3,4,3,2,0,0,4,4,2,0,4,3
SIDM00115,7,3,3,3,2,3,3,3,5,3,2,3,3,5,2,3,2,2,3,2,2,4,4,3,4,4,3,3,2,4,4,3,5,3,0,0,0,4,3,0,3,2
SIDM00116,2,2,3,3,2,3,3,2,2,2,3,2,2,3,2,2,3,2,2,2,2,3,2,4,3,4,2,2,2,3,3,3,2,4,0,0,0,3,3,0,2,2
SIDM00117,3,3,2,3,2,2,2,2,2,1,3,1,5,2,2,3,2,1,4,1,2,3,2,2,3,3,3,3,2,3,3,2,2,2,1,0,3,1,2,0,4,4
SIDM00118,2,2,2,2,2,2,2,2,2,3,2,2,2,2,2,2,2,2,2,2,2,2,3,2,2,3,2,2,1,2,2,2,2,2,0,0,2,2,2,0,2,2
SIDM00119,4,3,4,3,3,3,2,2,2,4,2,3,3,2,3,3,5,1,3,3,2,2,2,3,7,4,3,4,2,2,2,4,2,2,1,0,2,2,3,1,9,3
SIDM00120,4,3,2,3,2,2,3,2,3,3,3,2,2,4,2,4,2,1,1,2,2,3,2,3,3,3,7,3,3,3,3,5,4,3,0,0,5,3,2,0,2,2
SIDM00121,2,2,2,2,3,2,2,1,2,2,2,2,2,2,2,2,2,2,2,2,2,2,2,2,2,2,2,2,2,2,2,1,2,2,0,0,0,2,2,0,3,2
SIDM00122,4,2,3,4,3,2,4,5,4,3,3,4,3,3,2,3,4,3,4,3,3,3,4,2,3,4,2,2,2,2,2,4,4,4,0,0,0,3,2,0,3,2
SIDM00123,2,3,2,3,2,2,2,2,2,4,2,2,4,2,2,2,2,1,3,2,2,2,2,3,2,4,2,2,0,3,3,3,2,2,0,0,0,0,2,0,2,2
SIDM00124,4,4,4,4,4,4,2,4,4,6,2,2,3,2,2,2,3,4,4,2,2,3,3,4,2,6,2,3,2,4,4,2,4,3,0,0,0,2,4,0,2,0
SIDM00125,6,4,4,4,4,4,4,4,6,5,4,4,4,4,3,4,4,2,4,3,4,4,2,4,4,5,4,4,4,4,4,4,4,4,0,0,4,4,4,0,12,3
SIDM00126,2,3,2,3,3,3,3,2,3,5,2,3,4,2,2,4,2,5,2,2,4,4,3,2,3,4,2,4,3,3,3,3,2,3,0,0,3,3,0,0,3,0
SIDM00127,4,3,2,3,2,3,4,2,3,4,2,3,3,2,3,3,3,3,2,1,2,4,3,3,6,3,4,3,5,3,3,3,4,3,0,0,0,4,3,0,2,4
SIDM00128,4,4,4,4,3,4,3,2,4,4,3,3,3,3,3,3,3,2,4,2,2,4,2,4,6,4,6,4,2,3,3,4,4,3,0,0,0,3,0,0,3,3
SIDM00129,2,3,2,4,4,3,2,2,4,5,2,2,3,3,2,3,3,1,2,3,3,2,2,2,3,3,3,3,3,2,2,4,4,4,0,0,9,4,3,0,3,0
SIDM00130,4,3,4,4,4,2,4,2,3,4,4,2,6,1,4,2,3,2,2,2,4,4,2,6,4,3,5,4,5,4,3,4,2,4,0,0,0,2,0,0,4,4
SIDM00131,4,4,3,4,4,4,4,4,4,6,4,4,4,3,5,4,4,4,4,4,3,4,4,4,4,6,4,4,3,4,4,4,4,4,0,0,0,4,4,0,8,4
SIDM00132,4,3,2,2,4,3,2,2,3,3,3,2,3,2,2,2,3,2,2,2,2,2,3,2,3,3,3,3,2,2,1,3,2,3,0,0,0,3,2,0,4,4
SIDM00133,4,3,2,3,4,3,3,3,4,3,2,2,6,5,3,2,3,2,4,1,3,3,3,3,4,3,3,3,2,4,4,3,3,3,0,0,0,3,3,0,4,3
SIDM00134,6,4,5,5,3,3,3,2,5,8,3,2,3,4,3,4,4,3,3,4,4,6,4,4,5,6,5,3,4,4,4,4,4,3,0,0,0,4,3,0,3,3
SIDM00135,4,2,2,2,3,2,4,2,5,3,3,2,2,3,2,4,3,1,3,3,3,4,2,2,3,3,2,2,1,3,3,3,2,4,0,0,3,3,2,0,3,2
SIDM00136,4,3,3,3,3,4,3,3,4,4,4,3,4,4,3,4,3,4,2,2,1,3,3,3,4,4,2,4,3,3,3,3,3,3,0,0,0,4,4,0,7,3
SIDM00137,8,2,2,3,4,4,3,2,4,3,3,5,4,3,3,5,4,3,3,2,4,3,4,2,14,5,14,4,4,6,5,11,4,5,0,0,14,3,4,0,4,3
SIDM00138,4,3,3,0,4,2,3,1,3,4,2,3,4,4,3,2,3,3,2,2,2,4,2,3,9,3,3,3,2,4,4,4,3,5,0,0,9,3,2,0,3,3
SIDM00139,2,2,1,2,2,2,2,2,2,2,2,2,2,2,2,1,2,1,2,2,2,2,1,2,2,2,2,3,2,2,2,2,2,2,1,0,2,2,2,0,1,2
SIDM00140,4,2,4,3,4,4,5,3,3,6,2,2,4,4,4,4,3,3,3,4,4,4,4,5,4,3,3,5,3,4,4,3,3,5,3,0,3,4,4,2,4,4
SIDM00142,2,2,2,3,3,2,2,2,4,3,2,2,2,2,2,2,2,2,2,2,2,2,2,2,2,3,3,2,1,2,2,4,2,2,0,0,0,2,2,0,3,2
SIDM00143,4,3,2,3,3,4,2,3,3,3,2,2,3,4,3,3,14,2,2,5,3,3,6,2,2,3,4,3,3,3,3,3,3,2,0,0,6,2,4,0,3,3
SIDM00144,3,2,2,4,3,2,2,2,2,3,2,2,2,2,2,2,2,2,3,2,2,2,2,3,2,1,3,3,4,3,3,4,3,2,2,0,0,2,2,0,3,2
SIDM00145,4,4,4,4,6,4,5,4,5,6,4,5,4,3,5,4,4,2,3,3,4,4,4,5,4,4,4,4,4,4,4,4,4,5,2,0,0,4,4,0,6,8
SIDM00146,4,2,3,3,3,3,4,1,2,3,4,4,2,3,3,2,2,2,3,2,3,3,2,3,4,3,3,2,2,3,3,3,3,4,0,0,3,3,3,0,8,3
SIDM00148,3,4,3,2,4,2,3,2,3,4,3,2,3,3,3,2,2,2,3,3,4,3,4,2,3,2,4,3,2,3,3,2,2,3,0,0,0,3,3,0,2,3
SIDM00149,4,3,3,3,4,4,4,4,4,3,4,3,4,3,2,2,3,2,4,3,3,3,3,4,4,3,3,3,2,3,4,3,4,4,0,0,6,4,4,0,3,2
SIDM00150,1,2,2,2,2,2,1,2,2,2,2,2,2,1,2,2,2,1,2,1,2,2,2,2,2,2,2,2,2,2,2,2,2,1,0,0,2,2,2,0,2,2
SIDM00151,4,4,4,4,5,4,3,4,5,5,4,4,4,4,4,4,4,4,4,3,4,4,4,4,4,4,4,4,2,4,4,4,4,4,0,0,4,4,4,0,12,4
SIDM00154,2,2,2,2,2,2,2,2,3,2,1,1,2,2,2,2,2,1,2,2,2,2,2,3,2,2,2,2,3,2,2,2,2,2,1,0,0,2,2,0,4,2
SIDM00155,2,3,2,5,4,3,4,2,4,4,2,3,4,4,2,3,2,2,2,2,2,4,2,2,8,4,3,4,2,3,3,3,4,1,0,0,0,4,3,0,4,2
SIDM00156,3,3,3,4,3,2,3,1,4,3,4,3,3,2,3,4,2,2,3,2,3,3,3,3,4,3,4,4,3,2,2,0,3,3,0,0,8,3,0,0,8,5
SIDM00157,3,1,2,3,2,1,2,1,1,2,2,2,2,2,1,2,2,1,2,2,2,2,1,2,2,2,2,2,2,7,2,3,2,2,1,0,6,2,1,0,2,1
SIDM00172,2,2,2,2,2,2,2,3,3,1,2,2,2,2,2,2,2,2,2,1,1,3,2,2,2,2,2,2,1,1,1,2,3,2,0,0,2,2,2,0,2,3
SIDM00174,3,2,2,2,3,2,2,3,3,2,2,2,2,2,2,2,2,3,2,2,2,3,2,2,2,2,2,2,2,2,2,2,3,2,0,0,2,3,2,0,6,2
SIDM00175,3,2,2,4,4,3,3,2,4,3,2,3,2,3,3,3,2,2,3,3,3,3,3,3,3,3,3,3,3,2,2,4,2,3,1,0,0,4,3,0,11,0
SIDM00176,2,2,2,2,2,2,3,2,4,3,2,1,2,2,2,2,2,1,2,2,2,2,2,2,2,3,2,2,2,2,2,2,2,2,1,0,2,2,2,1,2,2
SIDM00179,2,2,2,2,2,2,2,2,2,2,2,1,2,1,2,3,2,1,2,1,2,2,2,2,2,2,2,1,2,2,2,3,2,2,0,0,2,2,2,0,4,2
SIDM00180,2,3,2,2,1,2,2,1,2,3,2,2,3,2,2,1,2,1,2,2,1,3,2,2,2,3,2,2,2,2,2,2,2,2,0,0,2,2,2,0,1,3
SIDM00181,4,2,5,0,4,3,5,4,3,4,2,3,2,4,3,2,3,2,3,4,2,4,3,3,3,4,3,3,2,3,3,5,4,5,0,0,10,3,3,0,8,3
SIDM00182,4,3,2,3,3,4,3,4,3,4,2,3,3,4,2,3,3,2,3,4,2,8,3,2,3,4,2,4,2,3,3,5,3,3,0,0,0,3,0,0,2,0
SIDM00183,3,3,2,3,2,2,2,2,2,2,2,2,2,2,3,2,2,2,2,3,2,3,2,4,2,2,3,2,3,2,2,3,2,2,0,0,0,2,2,0,2,3
SIDM00184,4,3,2,4,5,4,4,3,3,5,4,2,3,4,3,4,3,3,4,4,4,4,3,4,4,4,3,3,2,3,3,3,3,3,0,0,0,4,4,0,4,3
SIDM00185,3,4,2,5,5,3,4,2,3,5,3,2,3,3,3,4,3,2,2,3,4,4,5,3,3,5,3,3,2,3,3,5,3,4,0,0,10,3,3,0,5,3
SIDM00186,3,3,3,3,3,2,2,5,2,4,2,2,3,2,2,2,2,1,3,2,3,3,2,3,2,4,2,2,3,3,3,3,2,5,0,0,0,0,0,0,3,0
SIDM00187,3,3,3,3,3,2,0,2,2,2,2,2,4,2,2,2,2,2,2,2,2,3,2,4,2,2,2,4,2,3,3,3,2,2,0,0,4,2,2,0,3,2
SIDM00188,5,3,3,3,6,3,4,5,6,4,3,4,5,3,3,2,3,3,4,2,4,4,4,4,3,4,2,3,4,4,4,3,4,2,0,0,0,3,3,0,5,3
SIDM00189,2,2,1,1,3,2,2,1,3,3,2,2,2,2,2,2,2,1,2,2,2,2,1,2,2,2,1,3,1,2,2,2,3,3,0,0,4,2,2,0,5,3
SIDM00190,2,2,2,2,2,2,3,1,2,3,1,2,2,2,2,2,2,1,1,2,2,2,2,3,2,3,2,2,2,2,2,4,2,3,1,0,7,2,2,0,2,2
SIDM00191,2,2,2,2,2,2,2,1,1,2,1,1,3,2,2,2,2,1,2,2,1,2,1,5,1,2,1,2,2,2,2,2,1,2,1,0,2,1,2,0,2,2
SIDM00193,2,2,2,2,2,2,2,2,2,2,2,2,2,2,2,2,2,1,2,2,2,2,2,2,2,2,3,2,2,2,2,2,2,2,0,0,2,2,2,0,2,2
SIDM00194,3,3,3,4,2,3,2,2,2,4,3,4,3,3,2,2,2,2,2,1,2,4,3,3,4,5,4,3,2,3,3,4,3,2,0,0,4,2,2,0,2,2
SIDM00195,4,3,2,4,4,2,2,1,3,2,2,2,3,4,2,2,2,2,2,4,2,2,2,3,2,2,2,3,2,2,2,4,2,2,0,0,4,2,0,0,10,2
SIDM00196,2,2,2,3,4,2,2,1,3,4,2,3,3,4,2,4,3,2,2,4,2,2,2,2,2,4,2,2,0,2,2,3,2,2,0,0,3,2,2,0,4,2
SIDM00197,2,2,2,2,3,2,2,1,4,4,2,2,3,3,2,2,4,2,2,3,2,2,3,2,2,4,2,2,2,2,2,3,3,2,0,0,6,2,1,0,6,2
SIDM00198,2,1,2,2,2,2,2,3,2,2,2,2,2,2,2,2,2,1,2,2,2,2,2,2,2,2,2,2,2,2,2,2,3,2,0,0,0,2,0,0,2,2
SIDM00199,5,4,3,2,4,3,3,2,4,7,3,3,3,3,2,2,3,1,3,2,3,3,2,2,3,3,2,2,5,3,3,2,2,3,0,0,0,3,3,0,3,2
SIDM00200,2,2,1,3,3,2,3,2,4,3,2,3,3,3,2,4,3,2,2,3,2,2,2,2,2,3,2,2,2,2,2,2,2,3,0,0,3,2,2,0,3,4
SIDM00201,3,2,2,3,3,2,2,2,4,2,2,2,3,3,2,2,2,4,2,3,2,2,2,2,2,2,2,3,2,3,3,2,2,2,0,0,3,2,2,0,6,4
SIDM00202,3,2,2,4,2,2,2,1,3,2,2,2,2,2,2,3,2,1,2,2,2,2,2,2,2,2,2,3,3,2,2,3,2,2,1,0,3,2,2,0,2,3
SIDM00203,4,4,2,4,4,4,4,4,5,4,4,4,4,3,3,3,4,4,4,3,3,4,3,4,4,4,2,3,3,3,4,7,4,4,0,0,5,4,4,0,4,5
SIDM00205,3,3,2,2,4,2,2,3,4,2,2,2,2,3,2,2,2,1,1,2,3,3,2,1,2,2,2,2,2,2,2,2,3,2,0,0,2,2,2,0,6,0
SIDM00206,3,4,2,4,4,3,4,2,4,6,3,4,3,3,2,4,4,2,3,3,4,4,2,3,3,6,4,4,5,3,3,4,4,4,1,0,4,3,3,0,4,0
SIDM00207,5,4,3,5,6,4,6,3,6,7,4,3,4,4,4,3,5,4,4,3,5,6,3,4,4,7,3,4,3,4,4,6,4,3,0,0,2,5,4,0,6,4
SIDM00208,4,4,4,4,5,4,3,2,4,5,4,4,4,4,4,4,4,2,4,4,3,5,4,3,4,5,4,4,3,4,4,4,4,3,0,0,4,4,4,0,5,4
SIDM00209,6,4,4,5,5,4,4,3,6,6,4,4,4,4,4,4,5,3,5,3,4,4,2,4,4,5,4,3,2,4,4,3,3,4,0,0,0,4,4,0,5,3
SIDM00210,2,2,2,2,2,2,2,2,2,2,2,1,2,2,2,2,2,2,2,2,2,2,2,2,2,2,2,2,1,2,2,2,2,2,0,0,3,2,2,0,2,2
SIDM00211,2,2,2,3,2,2,3,2,3,3,3,3,3,1,3,3,3,3,2,2,2,2,3,3,3,3,2,3,2,2,2,3,2,3,0,0,3,2,2,0,2,3
SIDM00212,4,4,3,3,6,3,4,4,4,6,3,4,4,4,3,4,3,2,5,4,4,4,4,5,3,6,4,4,4,3,3,3,4,4,2,0,3,3,3,0,5,3
SIDM00213,2,2,2,2,2,2,2,2,2,4,2,2,2,2,2,2,2,2,2,2,2,2,2,2,2,3,3,2,0,2,2,0,2,2,0,0,0,2,2,0,2,2
SIDM00214,2,2,2,4,2,2,2,2,2,2,2,2,2,2,2,2,2,1,2,2,2,2,2,2,2,2,2,2,2,2,2,4,2,2,0,0,4,2,2,0,6,0
SIDM00215,4,4,4,0,6,3,3,4,4,4,3,3,4,2,2,2,3,3,0,2,4,4,5,3,3,6,3,4,3,4,4,5,4,3,0,0,5,4,3,0,6,2
SIDM00216,2,2,2,2,2,2,2,2,2,3,2,2,2,2,2,2,2,2,2,2,2,2,2,2,2,3,2,2,2,2,2,2,2,2,0,0,2,2,2,0,4,0
SIDM00217,5,4,3,0,5,3,0,4,4,4,3,4,4,4,4,4,4,2,4,4,4,4,4,4,3,4,5,4,5,3,3,4,4,4,0,0,4,3,3,0,5,0
SIDM00218,3,3,3,2,6,3,4,4,4,3,3,3,4,3,12,4,3,3,4,3,4,4,2,4,3,3,4,3,3,3,3,3,3,4,0,0,6,4,0,0,6,3
SIDM00220,3,3,3,3,4,3,3,3,3,4,3,3,3,2,2,3,3,3,3,2,3,3,2,3,3,3,3,2,2,3,3,3,3,5,0,0,3,3,3,0,4,2
SIDM00222,3,2,2,3,3,2,3,2,3,2,1,3,2,2,2,2,2,3,2,2,3,2,2,2,2,2,3,2,3,3,2,3,3,2,0,0,3,2,0,0,2,0
SIDM00223,6,4,2,4,4,3,3,3,3,4,3,3,4,2,3,4,4,2,4,4,2,6,2,4,3,4,2,4,2,14,4,4,3,3,0,0,0,3,3,0,4,5
SIDM00224,4,4,3,3,4,3,4,2,4,4,3,3,3,2,1,2,3,4,4,2,4,4,4,4,3,4,4,3,2,2,2,6,3,5,0,0,4,3,3,0,4,1
SIDM00225,3,3,3,4,6,3,3,3,4,5,3,3,5,3,3,3,4,2,3,2,3,3,4,3,3,5,3,4,2,2,2,4,3,4,0,0,4,3,3,0,13,3
SIDM00227,2,4,3,4,4,3,4,3,4,3,2,2,4,4,3,4,4,3,4,3,4,4,3,5,5,3,4,3,3,5,3,4,3,4,0,0,4,5,3,0,11,5
SIDM00230,2,2,2,4,2,2,2,2,2,2,2,3,2,2,2,2,2,1,1,2,1,3,1,2,2,2,2,2,1,2,2,4,2,3,0,0,4,2,2,0,2,2
SIDM00231,3,2,2,2,1,2,2,1,2,2,2,1,2,2,2,2,2,1,1,2,1,2,2,2,2,2,1,2,2,1,1,2,2,2,1,0,0,2,2,0,2,0
SIDM00232,3,2,2,3,2,2,2,1,2,2,2,2,2,1,2,2,2,1,2,1,1,2,2,2,2,3,1,1,2,2,2,3,2,2,0,0,3,2,2,0,2,0
SIDM00233,6,6,4,4,4,3,4,4,4,6,3,4,2,4,3,4,4,2,4,4,5,6,3,4,3,4,4,4,5,6,6,4,3,4,0,2,0,3,3,0,4,3
SIDM00234,2,2,2,2,3,2,2,2,2,3,2,3,2,3,2,2,2,2,2,3,2,2,3,2,2,3,2,2,2,2,2,2,1,3,0,0,2,2,2,0,3,2
SIDM00235,2,2,1,2,3,2,2,1,2,2,2,1,2,1,1,2,2,1,2,1,2,2,2,2,3,2,1,2,2,2,2,2,2,2,0,0,2,2,2,0,3,0
SIDM00237,7,3,3,3,4,4,4,2,2,4,3,2,5,4,2,2,5,3,4,2,3,4,2,3,4,6,2,3,3,3,3,0,4,3,0,0,3,4,2,0,4,2
SIDM00238,2,2,3,3,2,2,2,2,2,2,2,2,2,2,2,2,2,2,2,2,2,2,2,2,2,2,2,2,2,2,2,3,2,2,0,0,3,2,2,0,2,2
SIDM00239,3,3,3,4,5,3,0,2,2,4,3,2,4,2,2,4,4,2,3,2,2,3,3,3,3,4,2,4,4,3,3,4,2,2,0,0,0,3,3,2,6,0
SIDM00240,4,4,4,5,4,4,4,4,4,4,4,4,4,5,4,4,4,4,4,4,2,2,4,4,6,4,6,4,3,2,2,6,4,3,0,0,6,5,0,0,4,0
SIDM00241,6,2,3,3,4,4,5,2,4,4,3,1,4,3,3,3,3,4,2,2,6,4,2,12,4,4,2,4,0,4,4,4,5,4,0,0,0,4,2,0,4,3
SIDM00242,2,3,3,2,3,2,3,3,3,2,4,2,4,4,4,2,2,1,4,4,2,2,2,2,2,4,4,3,2,2,2,5,3,2,0,0,5,3,2,0,3,0
SIDM00243,4,3,2,3,2,3,0,3,3,3,2,1,7,3,3,3,4,2,4,2,3,3,3,3,2,5,2,3,2,4,4,3,4,4,0,0,3,0,3,0,3,3
SIDM00244,5,4,4,5,4,4,4,2,4,6,4,4,5,2,4,4,4,2,4,4,4,5,4,6,4,6,3,4,5,8,7,3,4,4,0,0,0,4,2,0,4,4
SIDM00245,3,2,2,3,2,2,2,2,2,2,2,2,2,2,2,2,3,2,2,2,1,2,3,3,2,8,2,3,0,2,2,2,2,2,0,0,3,2,0,0,2,2
SIDM00247,3,2,2,0,1,2,0,1,1,10,3,1,3,2,1,1,2,1,2,1,2,2,2,2,3,3,2,2,1,1,1,0,1,2,0,0,2,0,1,0,1,0
SIDM00249,4,3,3,3,4,2,3,3,2,1,2,3,3,3,2,3,3,2,3,2,2,3,2,3,4,3,4,3,2,3,3,3,4,2,0,0,2,4,2,0,4,2
SIDM00250,3,4,4,3,4,3,2,1,4,2,2,2,2,4,2,3,2,1,8,1,2,2,4,2,4,6,8,4,2,3,3,1,3,3,0,0,3,4,0,0,4,2
SIDM00251,2,3,2,2,2,2,1,2,2,2,3,2,3,2,2,2,2,1,2,2,2,2,2,2,2,2,2,2,2,2,2,2,2,2,0,0,2,2,2,0,2,0
SIDM00252,5,3,2,3,4,2,4,2,3,4,4,3,3,4,2,2,2,2,3,3,1,3,2,3,4,3,2,3,1,4,4,3,2,4,0,0,3,3,0,0,10,0
SIDM00253,2,4,2,2,2,2,2,2,2,2,2,2,2,2,2,2,2,1,2,2,2,3,2,3,2,2,2,2,2,2,3,2,2,2,0,0,5,2,2,0,2,2
SIDM00254,2,2,2,2,2,2,2,2,2,2,2,2,2,1,2,2,2,2,1,1,1,2,2,2,2,2,2,2,1,2,14,2,2,2,0,0,2,0,0,0,2,2
SIDM00255,3,3,3,4,4,3,3,2,2,2,2,3,4,3,3,4,2,2,3,3,3,4,2,3,4,4,2,2,2,14,2,4,4,3,0,0,5,3,2,0,2,3
SIDM00256,2,2,2,2,2,2,2,2,2,1,1,1,2,2,2,2,2,2,1,2,2,3,2,2,2,2,2,2,1,14,1,3,2,2,0,0,0,0,2,1,2,3
SIDM00257,2,3,2,3,5,2,4,2,3,4,2,3,4,3,2,4,3,2,4,3,2,3,3,2,2,3,2,4,3,4,4,4,3,4,2,0,6,2,2,0,3,0
SIDM00258,4,14,3,6,4,3,4,3,3,4,3,4,4,4,4,4,3,3,2,4,2,4,3,3,3,4,3,4,3,4,4,6,4,4,0,0,6,3,3,0,4,0
SIDM00259,4,4,4,7,3,3,4,3,4,3,3,4,3,2,3,3,3,2,3,2,3,3,2,3,3,4,3,4,3,14,3,6,3,4,0,0,6,3,3,0,9,3
SIDM00260,4,4,4,4,6,4,4,2,4,4,5,4,4,2,4,10,4,4,4,2,7,5,4,4,5,4,4,5,3,5,5,4,6,4,0,0,0,0,4,0,11,4
SIDM00261,2,2,2,2,2,2,2,2,2,2,2,2,4,2,2,2,2,1,2,2,1,2,2,2,2,3,2,2,2,2,2,4,2,2,0,0,8,2,2,0,2,2
SIDM00262,4,3,5,4,5,2,3,2,2,4,3,3,5,4,3,4,3,2,4,4,3,4,3,3,4,4,2,4,3,3,3,4,4,3,0,0,4,3,2,0,4,5
SIDM00263,3,3,2,5,4,2,4,4,7,4,3,4,4,3,3,3,5,2,4,3,4,4,3,4,3,4,2,4,4,4,4,5,3,4,2,0,0,3,2,0,4,3
SIDM00264,2,2,2,3,3,2,2,2,3,3,2,2,2,2,2,2,2,1,2,2,2,2,2,2,2,3,3,2,2,3,3,3,2,2,1,0,3,2,2,0,3,2
SIDM00265,2,2,2,3,3,2,2,1,3,3,2,2,3,2,2,2,3,3,2,2,2,1,1,2,2,2,2,2,1,2,2,3,2,2,0,0,3,2,2,0,4,2
SIDM00266,2,1,2,2,2,2,2,2,2,2,2,2,2,2,2,2,2,1,2,1,2,2,2,2,2,2,3,2,1,2,2,3,2,2,0,0,0,2,2,0,2,0
SIDM00267,4,3,3,3,2,2,3,2,2,4,3,2,3,3,2,2,2,1,2,3,2,2,2,4,3,3,2,4,2,2,2,2,2,3,0,0,2,3,2,0,6,0
SIDM00269,4,2,4,3,3,3,4,4,3,3,2,3,4,4,4,2,3,3,5,5,3,2,4,3,3,5,2,3,3,3,3,3,4,4,0,0,0,3,3,0,3,3
SIDM00270,7,4,3,7,3,3,2,3,5,7,2,3,8,4,4,3,3,3,4,2,2,5,4,3,5,7,4,4,9,4,4,3,4,2,0,0,3,4,3,0,5,2
SIDM00271,5,2,2,3,3,3,3,2,3,4,3,3,13,2,2,2,3,2,3,3,3,3,3,3,3,4,2,2,2,3,3,3,4,2,0,0,0,3,3,0,4,0
SIDM00272,4,3,4,7,6,4,4,3,6,4,4,4,4,2,3,5,4,5,4,4,4,6,5,8,7,4,6,4,3,4,4,4,3,4,0,0,0,4,0,0,11,6
SIDM00273,8,4,4,6,5,5,5,4,7,6,4,3,4,6,3,4,4,2,4,4,4,4,4,4,5,5,3,5,6,4,4,6,4,4,2,0,11,5,3,0,12,0
SIDM00274,4,2,3,4,3,3,3,2,3,3,2,2,3,3,3,2,3,2,2,3,2,3,2,4,3,4,2,3,2,3,3,2,2,3,0,0,4,3,3,0,3,0
SIDM00276,4,3,3,3,4,2,3,2,3,4,4,4,3,3,2,2,3,2,4,1,2,3,3,3,4,4,3,2,2,3,3,4,3,4,0,0,3,3,2,0,4,0
SIDM00277,2,2,2,2,2,2,2,3,3,2,3,3,2,2,1,2,2,1,2,2,2,2,2,2,2,2,2,2,2,2,2,2,1,2,0,0,0,0,2,0,2,3
SIDM00278,3,5,2,4,5,7,4,9,4,3,2,4,5,7,3,4,2,2,5,1,2,5,3,3,4,4,6,3,2,4,4,3,3,3,0,0,5,4,3,0,8,0
SIDM00279,3,2,3,3,2,2,2,2,3,2,2,2,2,2,2,2,3,1,2,2,2,3,2,3,3,2,3,2,3,2,2,2,2,2,2,2,3,2,2,0,4,0
SIDM00280,4,2,3,4,5,4,4,4,6,5,4,4,3,4,3,2,3,2,4,4,4,4,2,4,4,5,4,4,2,4,4,3,4,2,0,0,0,4,4,0,5,0
SIDM00281,2,1,2,2,2,2,2,1,3,1,2,2,2,2,2,2,2,1,2,1,1,3,2,2,2,2,2,2,2,2,2,2,3,2,0,0,2,2,2,0,4,0
SIDM00282,2,2,2,2,2,2,2,2,2,2,2,2,2,2,2,2,2,2,2,2,2,2,2,2,2,2,2,2,2,2,2,2,2,2,0,0,0,2,2,0,2,1
SIDM00283,2,2,2,3,2,2,2,2,2,3,2,2,3,2,2,2,2,2,2,2,2,2,2,2,2,3,2,2,2,2,2,2,2,2,0,0,4,2,2,0,2,0
SIDM00284,2,2,1,3,3,2,2,2,2,3,2,2,2,2,2,4,2,2,2,2,2,2,2,2,2,3,2,2,2,2,2,2,2,2,0,0,3,2,2,0,3,2
SIDM00285,2,2,2,3,1,2,2,2,2,3,2,1,2,2,2,2,1,1,2,2,2,2,2,3,2,2,2,2,2,2,2,2,2,2,1,0,0,2,2,1,1,2
SIDM00286,2,2,2,3,2,2,2,2,2,3,1,2,2,2,2,2,2,2,2,2,2,2,2,2,2,2,2,2,1,2,2,3,2,2,0,0,0,2,2,0,2,2
SIDM00287,2,2,2,3,2,2,2,1,2,3,2,1,2,2,2,2,2,1,1,6,2,3,2,2,2,3,2,2,2,2,2,3,2,2,1,0,5,2,2,1,2,0
SIDM00289,2,2,2,2,2,2,2,2,2,2,2,2,2,2,2,2,2,2,2,2,2,2,2,2,2,2,2,2,2,2,2,2,2,2,0,0,2,2,2,0,2,0
SIDM00290,4,3,4,4,3,3,0,4,3,3,3,2,3,4,3,3,4,2,3,3,2,2,3,3,3,3,3,3,2,3,3,4,4,4,0,0,8,0,3,0,3,0
SIDM00291,2,2,2,2,4,3,3,2,3,3,2,1,4,1,2,3,4,2,3,2,4,4,3,3,3,3,3,4,3,3,3,4,2,4,0,0,8,3,3,0,4,1
SIDM00292,1,3,1,2,2,2,2,2,2,2,2,2,1,2,2,1,2,1,1,1,1,2,3,1,2,2,2,2,2,2,2,2,2,0,1,0,0,2,2,0,2,0
SIDM00293,2,4,2,4,3,2,3,3,3,3,3,3,4,4,3,2,3,1,3,4,4,4,2,4,3,3,3,3,3,3,3,4,3,2,0,0,0,2,2,0,3,3
SIDM00294,3,2,2,3,10,2,2,3,4,3,2,2,2,2,2,3,4,1,3,2,1,2,2,3,2,3,3,2,3,2,2,3,3,1,0,2,0,2,0,0,3,0
SIDM00296,6,2,2,2,4,2,0,3,3,3,4,4,2,2,2,2,3,2,3,2,2,2,5,3,4,3,3,1,2,2,2,3,3,3,0,0,3,4,2,0,11,0
SIDM00297,4,2,2,2,2,3,3,1,2,3,4,2,3,1,3,2,2,3,1,1,3,3,2,3,3,2,3,3,2,2,2,3,3,3,0,0,3,3,3,0,7,0
SIDM00299,4,3,3,4,5,3,3,3,3,3,2,2,3,2,3,3,2,3,3,2,2,2,2,3,3,3,4,4,2,3,3,3,3,2,0,0,8,3,3,0,12,1
SIDM00300,3,3,3,3,3,2,3,3,4,3,2,2,3,2,2,2,2,1,3,1,1,5,2,3,2,3,2,2,0,3,5,4,4,2,0,0,4,2,1,0,2,1
SIDM00301,4,3,3,0,2,3,3,3,2,4,3,3,5,4,2,3,3,2,3,2,3,4,2,4,3,4,3,2,4,3,3,3,3,2,0,0,3,3,3,0,2,3
SIDM00302,2,2,2,2,2,2,0,2,2,1,2,2,2,2,2,1,2,2,2,2,2,2,2,2,2,2,2,2,1,2,2,2,2,2,0,0,0,2,2,0,2,0
SIDM00303,4,5,4,5,4,4,4,3,5,3,3,2,4,3,4,4,4,3,3,5,4,5,5,4,5,4,5,6,4,5,4,5,4,5,1,1,1,4,3,1,6,1
SIDM00304,2,2,2,3,2,4,0,1,3,2,2,1,2,2,2,2,2,3,1,1,2,3,2,1,2,2,2,2,2,1,2,2,3,2,0,0,2,2,1,0,6,0
SIDM00305,2,1,2,2,3,3,3,2,2,3,3,2,3,1,3,2,3,4,3,2,2,5,3,4,3,4,3,2,2,2,2,4,3,3,0,0,6,3,3,0,2,0
SIDM00306,3,2,2,2,2,3,0,1,3,3,2,1,5,2,2,2,3,2,2,2,2,2,2,3,2,3,6,2,1,3,3,3,1,3,0,0,3,3,0,0,2,0
SIDM00308,2,2,2,3,3,2,2,2,4,2,4,4,2,2,3,2,3,1,2,2,2,2,3,3,4,2,2,3,4,2,2,3,2,3,2,0,6,4,2,2,3,0
SIDM00309,2,2,2,2,1,2,2,1,1,2,2,2,2,2,2,1,2,1,2,1,2,2,2,2,2,2,3,2,1,2,2,2,1,2,0,0,0,2,2,0,1,2
SIDM00310,6,4,3,5,4,3,4,2,4,4,3,4,4,2,2,2,3,2,2,2,4,4,3,4,3,4,2,3,4,3,3,2,4,4,0,0,5,2,4,2,4,2
SIDM00311,4,3,3,3,3,4,4,4,4,3,4,4,3,1,2,2,3,2,4,2,4,4,2,4,4,4,3,3,5,3,4,3,4,4,0,0,3,4,2,0,3,4
SIDM00312,2,2,2,3,2,2,2,2,3,3,2,1,2,2,2,2,2,2,3,2,2,3,2,2,2,3,2,3,2,2,2,3,2,2,0,0,3,2,2,0,2,2
SIDM00313,3,3,2,4,4,2,4,4,3,3,3,2,4,3,3,2,3,3,2,3,3,3,2,3,2,3,2,3,3,5,5,3,2,2,0,0,3,3,2,0,4,3
SIDM00315,3,3,3,4,4,2,3,3,3,5,2,3,3,3,2,2,3,4,4,3,4,4,2,4,2,5,2,3,2,3,3,4,3,3,0,0,4,2,2,0,4,0
SIDM00316,2,2,1,2,2,2,2,2,2,3,2,2,3,2,2,2,2,1,1,2,2,2,2,2,2,3,2,2,2,2,2,2,2,3,0,0,2,3,0,0,2,0
SIDM00317,3,2,2,3,2,2,2,1,2,3,2,2,2,2,1,2,2,2,1,2,1,2,1,2,2,3,1,2,2,2,2,2,2,2,0,0,0,2,0,0,2,3
SIDM00318,3,2,2,2,1,2,2,2,3,3,2,2,2,2,2,2,2,1,2,2,3,3,1,2,2,3,1,2,2,2,2,2,2,2,1,2,2,2,2,1,1,2
SIDM00319,4,3,2,4,4,4,4,2,4,4,2,2,2,3,4,2,3,3,2,3,4,4,4,4,4,4,3,2,3,3,3,4,2,4,0,0,0,4,4,0,4,4
SIDM00320,5,2,3,3,4,2,3,1,3,3,2,1,3,3,2,4,3,3,3,1,1,3,1,3,3,3,2,2,2,4,4,3,2,2,0,0,3,2,2,0,3,2
SIDM00321,3,3,2,3,3,3,2,2,3,4,3,1,2,2,2,2,3,2,2,2,2,3,2,2,3,4,2,2,2,2,2,3,2,2,0,0,3,3,2,0,3,2
SIDM00322,4,4,5,3,3,4,4,2,3,3,2,2,9,4,5,2,3,2,3,2,2,6,3,4,9,4,8,4,4,3,3,6,2,3,0,0,0,3,4,0,3,1
SIDM00323,2,3,2,4,4,3,3,3,3,2,3,2,3,2,2,2,3,2,2,2,3,4,4,4,3,3,3,4,2,3,3,2,3,3,0,0,4,0,2,0,4,2
SIDM00324,5,4,4,4,4,4,0,3,3,3,3,3,4,2,3,5,4,2,3,2,2,2,4,4,4,3,3,4,2,14,3,4,4,3,0,0,0,4,4,0,4,0
SIDM00325,5,3,5,1,4,3,3,2,3,2,2,3,3,4,3,3,3,2,4,2,2,4,3,4,6,2,5,4,0,3,3,3,4,3,0,0,6,3,3,0,3,1
SIDM00326,4,3,3,2,3,3,2,3,2,2,2,2,3,2,1,3,2,2,2,1,2,4,2,2,4,11,2,4,2,2,2,2,4,2,0,0,0,0,0,0,2,2
SIDM00327,5,6,4,4,4,4,4,3,5,6,2,4,6,4,4,4,4,6,6,4,5,4,2,5,4,4,5,4,3,4,4,0,6,4,0,0,8,4,4,0,11,4
SIDM00328,4,2,3,3,3,2,0,2,4,1,2,2,2,2,2,4,3,1,3,2,2,5,3,3,4,4,4,5,2,3,3,4,2,3,0,0,3,2,2,0,3,2
SIDM00329,3,2,2,3,4,3,3,4,3,4,4,2,3,3,3,3,3,2,3,2,3,3,2,4,3,3,2,4,2,4,4,3,2,4,0,0,3,3,3,0,4,0
SIDM00330,2,2,2,3,2,2,2,1,2,2,1,1,2,2,2,2,2,1,1,2,2,3,2,3,2,2,2,2,1,3,3,2,2,2,0,0,3,0,2,0,6,2
SIDM00331,2,2,2,2,2,2,2,2,2,2,2,2,2,4,2,2,2,3,2,4,2,2,2,2,2,2,2,3,1,2,2,2,2,2,0,0,0,0,2,0,2,1
SIDM00332,6,2,3,4,1,2,2,1,2,3,2,2,4,1,1,2,2,1,1,2,2,4,1,2,8,2,4,5,2,2,4,5,2,2,0,0,4,2,2,0,3,1
SIDM00333,2,2,2,2,2,2,2,2,2,2,2,2,2,2,2,2,2,1,2,2,2,2,2,2,2,2,2,2,2,2,2,2,2,2,0,0,0,2,2,0,2,2
SIDM00334,2,2,2,2,2,2,2,2,2,2,2,2,2,2,2,2,2,2,2,2,2,2,2,2,2,2,2,2,1,2,2,2,2,2,0,0,0,2,2,0,2,2
SIDM00335,2,1,1,3,2,2,3,2,3,2,2,3,2,2,3,2,3,3,3,2,2,5,1,5,2,3,2,2,2,3,3,5,2,3,0,0,3,0,0,0,2,2
SIDM00336,2,2,2,2,3,2,2,1,2,3,2,2,2,2,2,3,2,2,2,2,3,3,2,2,2,4,2,2,2,2,2,2,2,2,0,0,2,2,2,0,3,3
SIDM00337,4,2,2,2,4,3,4,2,3,5,2,4,3,3,3,4,4,2,2,3,4,4,3,3,5,4,3,4,3,3,3,3,3,4,0,0,3,2,3,0,4,3
SIDM00338,2,1,2,2,3,2,2,2,3,2,3,2,2,2,2,2,2,1,1,3,2,2,2,2,3,2,2,2,2,2,2,2,1,2,1,1,0,2,2,0,8,0
SIDM00339,4,3,3,0,4,3,3,4,4,3,4,3,3,2,5,3,5,2,3,2,3,3,2,3,4,4,3,2,2,2,2,0,4,3,0,1,4,3,3,1,11,0
SIDM00340,4,4,4,2,4,4,4,3,4,5,4,2,2,4,4,4,3,2,3,4,3,5,0,3,4,3,2,4,2,4,4,7,3,6,0,0,8,4,4,0,4,0
SIDM00341,3,2,2,2,2,2,2,2,2,4,2,2,2,2,2,2,2,3,2,2,2,2,2,2,2,3,1,2,2,2,2,2,2,2,0,0,2,2,0,0,2,0
SIDM00342,4,4,4,4,4,4,4,4,4,4,4,2,4,4,4,4,4,2,4,4,4,4,4,4,4,4,4,4,2,4,4,4,4,4,0,0,0,4,4,0,4,4
SIDM00343,5,4,4,6,6,5,5,4,6,5,4,4,4,4,5,5,6,5,5,4,4,4,6,5,4,5,5,4,0,4,4,6,4,5,0,0,0,5,5,0,6,5
SIDM00344,3,3,2,3,2,3,3,2,4,4,2,2,4,2,3,2,3,1,2,2,3,4,2,4,3,4,3,2,2,3,3,4,3,3,0,0,5,3,0,0,7,3
SIDM00345,9,4,4,3,3,4,5,4,5,6,3,4,4,4,4,2,4,3,4,4,4,4,3,4,4,4,3,4,3,4,4,4,5,3,0,0,4,4,0,0,3,3
SIDM00346,4,3,3,3,3,2,4,2,5,2,4,4,3,4,3,5,3,2,2,2,3,3,3,4,4,2,3,3,3,2,2,3,2,4,0,0,3,0,2,0,3,3
SIDM00347,5,3,3,5,3,2,3,2,4,1,3,3,3,3,2,3,2,2,2,2,2,6,9,4,4,4,5,3,4,2,2,0,2,3,0,0,6,5,2,0,2,2
SIDM00348,4,3,2,3,2,3,0,3,2,2,2,2,3,2,2,3,3,2,2,3,2,4,2,3,12,5,4,4,2,3,3,3,3,3,0,0,3,4,3,0,4,2
SIDM00349,6,1,5,0,2,2,3,1,3,2,2,2,3,3,2,4,3,2,5,2,2,6,2,2,9,2,4,3,0,3,3,1,2,2,0,0,6,4,2,0,2,1
SIDM00350,5,2,3,4,2,4,3,2,2,3,2,2,3,4,2,3,2,3,4,4,2,4,3,4,4,5,4,2,2,3,4,3,4,3,0,0,3,5,4,0,6,0
SIDM00351,4,3,2,3,4,2,0,3,4,3,2,3,14,2,2,2,3,2,3,2,9,4,4,3,4,4,3,2,3,3,3,3,3,2,0,0,0,2,2,0,3,2
SIDM00352,2,2,2,3,2,2,0,2,2,1,1,2,2,2,2,2,2,1,1,2,2,2,2,5,2,2,2,3,2,3,3,2,2,2,0,0,2,0,2,0,3,2
SIDM00353,6,5,6,4,5,5,4,5,4,4,4,4,11,5,4,3,5,3,4,2,4,5,3,4,5,5,6,4,4,4,4,4,5,4,0,0,4,5,5,0,5,0
SIDM00354,5,4,3,3,2,2,2,2,4,2,3,3,3,2,3,3,3,1,3,2,2,11,3,3,3,4,4,4,3,2,2,3,3,2,0,0,6,2,2,0,2,3
SIDM00355,5,4,3,4,4,4,4,5,4,5,4,4,4,4,4,4,5,4,4,4,4,4,4,4,4,5,5,4,6,5,5,4,5,4,4,0,0,4,4,0,12,0
SIDM00356,5,2,2,3,3,3,4,2,2,4,3,3,4,3,3,6,2,1,3,1,2,3,2,3,3,4,3,3,3,3,3,4,3,3,0,2,0,0,3,2,3,2
SIDM00357,5,2,2,4,4,2,0,6,3,3,3,4,6,6,2,3,4,3,2,6,3,3,3,4,4,4,4,4,4,3,3,4,6,4,3,5,4,4,2,0,4,2
SIDM00358,2,3,2,3,2,3,3,1,3,3,3,3,4,4,2,2,2,1,2,1,2,3,2,3,3,4,3,3,2,3,3,4,2,3,0,0,0,3,3,0,2,0
SIDM00359,3,3,3,3,2,3,0,3,4,4,3,3,3,2,2,3,2,4,2,2,5,5,4,3,3,3,3,4,4,3,3,3,3,4,0,0,3,3,3,0,7,2
SIDM00360,4,4,4,3,5,3,4,4,3,6,3,3,6,5,4,3,5,3,4,4,4,4,3,4,4,5,3,3,5,1,5,6,4,2,0,0,0,4,4,0,4,1
SIDM00362,2,2,2,2,2,2,2,2,2,2,2,2,2,2,2,2,2,1,1,2,2,2,2,2,2,2,1,2,2,2,2,3,2,2,1,0,0,2,2,1,2,2
SIDM00363,2,2,2,2,2,2,2,2,2,4,2,2,2,2,2,2,2,1,2,2,2,2,4,2,2,3,2,2,3,2,2,2,2,2,1,0,2,2,2,0,5,0
SIDM00364,2,2,2,2,2,2,0,2,2,2,2,2,2,2,2,2,2,1,2,2,2,2,2,2,2,2,2,2,1,2,2,2,2,2,0,0,0,2,2,1,2,1
SIDM00365,4,2,3,3,4,4,0,4,3,4,4,2,4,2,4,4,4,2,2,2,2,6,2,4,3,4,4,3,2,4,4,4,2,3,0,0,4,0,3,0,4,3
SIDM00367,2,2,2,3,2,2,2,2,3,2,3,3,3,2,2,2,3,2,2,2,2,2,2,2,3,2,2,2,2,2,2,2,2,2,1,0,3,2,2,0,2,2
SIDM00368,2,4,3,4,2,2,3,3,4,5,3,3,3,3,5,3,3,2,4,2,2,2,2,3,2,3,2,3,4,5,5,0,3,3,0,0,4,0,2,0,4,0
SIDM00369,5,2,2,4,2,2,3,3,2,3,3,1,3,5,2,6,3,2,3,1,2,3,2,3,3,5,3,2,2,3,3,2,3,2,0,0,5,3,1,0,4,2
SIDM00370,4,4,4,3,5,4,4,3,4,4,3,4,3,4,4,4,5,2,4,4,3,3,5,4,4,4,5,4,4,3,3,4,2,4,2,0,5,4,4,0,6,0
SIDM00371,4,4,4,2,2,3,4,4,5,4,4,4,5,4,4,4,4,3,3,2,2,4,3,3,4,4,3,3,3,4,4,3,4,2,0,0,4,3,0,0,2,1
SIDM00373,2,2,2,2,2,2,2,2,2,2,2,2,2,2,2,2,2,2,2,2,2,2,2,2,2,2,2,2,1,2,2,2,2,2,0,0,2,2,2,0,2,2
SIDM00374,3,3,4,4,4,4,3,3,4,3,4,2,4,3,3,5,3,3,4,3,4,4,3,4,4,5,3,3,3,4,4,2,3,3,0,0,0,4,4,0,4,0
SIDM00375,3,3,3,4,4,2,3,2,3,2,3,4,5,5,5,3,3,2,5,2,2,5,2,3,3,4,4,3,2,3,3,3,4,4,0,0,7,3,2,0,4,0
SIDM00376,2,2,2,2,2,2,2,2,2,2,2,2,2,2,2,2,2,1,2,2,2,2,2,2,2,2,2,2,1,2,2,2,2,1,0,0,2,2,2,0,2,2
SIDM00377,4,3,3,2,4,3,0,2,3,3,3,3,3,2,3,2,3,2,3,2,2,2,2,3,3,3,3,3,2,2,2,2,3,2,0,0,2,3,3,0,4,0
SIDM00379,6,3,2,2,2,3,4,2,2,4,3,4,3,2,2,2,3,3,2,2,2,4,2,2,3,3,3,2,2,2,2,2,2,3,0,0,2,3,3,0,2,4
SIDM00380,5,5,5,7,6,5,5,6,6,5,5,5,3,6,5,5,5,3,5,6,5,7,5,5,5,5,4,5,3,5,5,3,3,5,0,0,14,5,5,0,5,1
SIDM00381,3,3,2,2,1,2,0,1,2,2,1,1,2,2,2,3,2,3,2,2,2,3,1,2,3,2,3,2,3,2,2,2,2,2,0,0,4,2,2,0,3,2
SIDM00382,4,2,1,0,2,2,2,1,2,2,2,2,2,2,2,2,2,2,2,2,1,2,2,2,2,3,2,2,2,2,2,1,2,2,0,0,0,2,2,0,2,2
SIDM00383,3,4,3,2,3,2,5,2,2,2,3,3,3,2,2,4,3,1,2,2,3,4,3,3,3,3,4,3,3,2,2,3,2,3,1,0,6,2,2,0,3,0
SIDM00384,2,3,2,0,1,2,3,2,2,2,2,3,2,2,1,2,2,2,1,2,2,2,2,2,2,2,2,2,3,2,2,2,2,2,0,0,3,2,2,0,1,1
SIDM00386,4,4,4,6,4,4,4,4,6,4,6,4,6,4,4,4,6,3,4,4,4,4,3,2,6,4,4,4,3,4,4,6,6,4,0,0,6,4,4,0,4,6
SIDM00387,2,2,2,4,3,2,2,2,3,3,2,2,2,2,2,2,4,1,2,2,2,2,3,2,2,3,2,2,6,3,3,4,2,2,0,0,0,2,2,0,3,2
SIDM00388,2,2,2,2,2,2,2,2,2,2,2,2,2,2,2,2,2,1,2,2,2,2,2,2,2,2,2,2,3,2,2,2,2,2,0,0,2,2,2,0,4,0
SIDM00389,2,2,2,2,2,2,2,2,2,3,2,2,2,2,2,2,2,3,2,2,2,2,2,2,2,3,2,2,2,2,2,2,2,2,1,0,2,2,2,0,2,2
SIDM00390,4,3,3,4,5,3,6,2,3,3,3,3,3,3,3,3,3,2,3,2,4,4,3,4,3,4,3,3,2,4,4,4,3,2,0,0,4,3,3,0,6,3
SIDM00391,2,1,2,2,2,2,2,1,3,2,3,1,2,3,2,2,2,1,2,5,2,2,1,2,2,2,2,2,1,2,2,2,2,2,0,0,0,2,0,0,2,2
SIDM00392,4,3,4,5,5,3,5,2,4,4,2,2,4,3,3,4,5,2,3,3,4,4,3,4,8,3,3,5,4,4,4,5,2,5,2,0,5,5,3,0,5,3
SIDM00393,4,2,3,3,3,3,3,2,1,2,3,3,3,3,2,2,1,2,1,2,2,3,4,13,4,4,3,2,2,2,2,3,4,2,0,0,3,3,3,0,3,2
SIDM00394,4,2,3,3,2,2,2,3,3,3,2,2,2,3,2,2,2,3,2,2,2,4,2,3,3,3,3,4,3,2,2,3,3,2,0,0,0,3,2,0,2,2
SIDM00395,4,4,4,4,4,3,4,4,4,4,3,4,4,4,4,4,2,2,3,4,4,4,4,5,3,4,4,4,4,11,4,4,4,4,0,0,9,3,0,0,5,4
SIDM00396,4,3,2,5,4,3,3,3,4,3,3,3,4,4,3,3,3,2,3,4,4,4,4,4,3,3,3,4,2,4,4,5,3,3,0,0,5,3,3,0,12,3
SIDM00401,3,3,2,4,4,3,3,3,4,4,2,2,4,3,3,3,3,2,3,3,3,3,3,3,4,3,3,2,2,3,3,3,3,4,0,0,0,4,3,0,2,0
SIDM00402,2,2,2,2,3,2,2,2,3,2,2,2,2,2,1,2,2,2,4,1,2,3,2,2,2,2,2,3,2,2,2,2,2,2,0,0,0,2,1,0,3,2
SIDM00403,4,3,4,4,4,4,4,4,4,3,4,4,4,3,4,3,4,4,4,3,4,4,2,4,4,3,4,3,2,4,4,4,4,4,0,0,4,4,4,0,4,8
SIDM00404,2,2,3,2,2,2,2,2,2,2,2,2,2,2,2,2,2,2,2,2,2,2,2,3,2,2,2,1,2,2,2,2,2,1,0,0,0,2,2,1,2,2
SIDM00405,2,2,2,1,2,2,2,2,2,3,2,2,3,3,2,2,2,1,2,3,1,3,3,2,2,3,2,2,2,2,2,2,2,2,1,0,4,2,2,1,2,0
SIDM00406,4,4,4,4,4,4,4,4,4,4,6,2,6,4,4,4,4,4,4,4,4,4,4,4,4,4,4,4,3,4,4,4,4,3,0,0,0,4,4,0,4,4
SIDM00407,2,2,2,2,2,2,3,3,3,2,2,2,2,2,1,1,2,1,2,3,2,2,2,2,2,3,2,2,2,2,2,2,2,3,0,0,0,2,3,0,2,1
SIDM00410,3,4,4,4,5,4,5,2,4,4,4,3,4,5,4,4,4,2,3,3,3,4,4,3,4,3,4,2,4,4,4,5,3,9,0,4,6,4,4,0,5,4
SIDM00411,2,3,2,3,2,3,0,2,4,3,5,3,4,4,3,3,11,2,2,2,2,4,3,4,5,4,4,4,4,3,3,3,4,2,2,0,0,0,4,0,7,0
SIDM00412,2,3,2,2,2,2,2,1,2,2,2,2,2,2,1,2,2,2,1,2,2,2,2,3,2,2,2,2,2,2,2,2,2,2,0,0,0,2,2,0,2,3
SIDM00413,2,2,2,2,2,2,2,2,3,2,2,2,2,2,2,2,2,1,2,2,2,2,2,2,2,3,2,2,2,2,2,1,2,2,1,0,2,2,2,0,2,2
SIDM00414,3,1,2,2,3,2,2,1,2,1,2,1,2,2,2,2,2,1,2,1,2,2,1,2,4,2,2,3,2,2,2,2,2,1,0,0,0,2,2,0,3,1
SIDM00415,4,4,3,4,4,3,4,3,4,5,3,4,4,4,4,3,4,2,2,4,2,2,4,3,3,4,4,4,5,3,3,4,3,4,0,0,10,3,3,0,10,7
SIDM00416,2,2,2,3,2,2,2,2,4,2,2,2,3,2,2,2,2,2,2,2,2,2,2,2,2,2,2,2,2,2,2,2,2,2,0,0,2,2,2,0,2,4
SIDM00417,2,2,1,3,2,2,2,2,2,3,1,2,1,2,1,2,2,2,1,2,2,3,1,2,2,2,2,2,2,3,3,3,1,2,0,1,3,2,2,1,2,0
SIDM00418,3,3,4,4,4,3,3,2,4,4,3,3,4,2,3,4,3,2,2,2,3,3,3,4,3,4,4,3,3,3,3,3,4,3,0,0,0,1,3,0,9,0
SIDM00419,3,3,3,4,4,3,4,4,3,4,3,6,4,4,3,4,4,2,2,4,3,3,4,2,3,4,5,3,4,4,4,2,4,3,0,0,4,3,3,0,4,3
SIDM00420,3,4,4,4,6,4,4,2,4,4,2,4,4,4,3,4,4,2,3,4,4,4,3,5,4,5,2,4,0,4,4,4,4,4,0,0,4,4,4,0,6,3
SIDM00421,3,2,2,2,2,2,3,1,2,2,2,2,2,2,2,2,2,2,2,2,2,2,2,2,2,3,2,2,2,2,2,2,2,4,0,0,3,2,2,0,2,2
SIDM00422,2,2,2,2,2,2,2,4,2,2,1,2,3,2,2,2,3,1,2,3,2,2,1,2,2,2,3,2,1,3,3,2,2,3,0,0,3,2,2,0,2,1
SIDM00423,2,2,2,2,3,2,2,2,2,3,2,4,3,2,2,2,2,1,2,2,2,2,3,2,2,3,2,2,1,2,2,3,2,2,0,0,0,2,2,0,4,2
SIDM00424,2,3,2,2,2,2,2,2,2,3,2,2,3,2,2,2,2,3,1,2,2,3,2,2,2,3,2,2,3,2,3,1,1,2,0,0,0,2,2,2,2,2
SIDM00425,4,4,4,4,4,4,3,3,3,4,2,3,4,4,3,4,3,2,4,2,3,3,2,4,4,4,4,4,2,4,4,3,3,3,0,0,7,4,4,0,4,0
SIDM00426,3,2,4,3,4,3,2,4,3,4,3,4,4,6,3,3,4,2,4,3,7,3,4,4,2,3,4,4,2,3,3,3,3,2,0,0,0,3,3,0,9,3
SIDM00427,3,2,2,3,2,2,3,2,3,4,3,3,4,3,3,2,3,2,3,2,2,3,3,3,3,4,2,3,4,3,3,3,3,3,0,0,3,3,2,3,2,3
SIDM00428,4,4,2,3,4,3,4,6,3,5,4,4,7,3,4,3,3,2,5,3,3,3,4,3,4,5,3,4,2,4,4,3,2,4,0,0,3,4,0,0,4,0
SIDM00429,2,2,2,2,2,2,2,2,2,2,2,2,2,2,2,2,2,1,2,2,2,2,2,2,2,2,2,2,2,2,2,2,2,2,0,0,0,2,2,0,2,0
SIDM00431,2,2,2,2,2,2,2,2,2,2,2,2,2,2,2,2,2,2,2,2,2,2,2,2,2,2,2,2,1,2,2,2,2,2,0,0,2,2,2,0,2,2
SIDM00433,2,2,2,2,2,2,2,2,2,2,2,2,2,2,2,2,2,2,2,2,2,2,2,2,2,2,2,2,2,2,2,2,2,2,0,0,2,2,2,0,4,2
SIDM00434,3,3,3,4,3,3,3,3,3,3,3,3,3,3,4,3,3,2,3,3,3,3,3,3,3,3,3,3,4,3,3,5,3,3,1,1,5,3,3,1,3,1
SIDM00435,5,3,4,3,2,3,0,3,3,4,4,3,4,2,2,3,4,4,4,4,3,3,3,3,4,4,4,4,4,3,3,4,3,4,0,0,3,4,3,0,4,0
SIDM00437,2,2,2,2,3,2,3,2,4,2,2,3,2,2,2,2,2,1,2,2,2,2,3,2,2,2,2,2,2,2,2,2,2,3,1,0,2,2,2,0,3,0
SIDM00438,2,2,2,2,2,2,2,2,2,2,2,2,2,2,2,2,2,1,2,2,2,2,2,2,2,2,2,2,2,2,2,1,2,2,1,0,3,2,2,0,6,3
SIDM00441,2,2,2,2,1,1,2,2,2,2,2,1,3,3,2,2,1,1,2,2,2,2,3,2,2,2,2,3,2,2,2,2,2,2,0,0,2,2,2,0,3,2
SIDM00442,2,2,1,2,2,1,1,1,3,2,1,1,2,1,2,2,2,1,1,1,1,2,1,2,1,2,3,2,2,2,2,3,2,1,0,0,0,1,1,0,5,2
SIDM00443,2,2,2,2,2,2,0,2,2,2,1,2,2,2,2,2,2,2,2,2,2,1,2,2,2,2,2,2,2,2,2,3,3,2,0,0,3,2,2,0,2,2
SIDM00444,3,2,2,2,2,1,2,1,3,2,2,2,2,1,2,1,2,2,2,1,2,2,2,2,2,1,2,2,1,2,2,2,2,1,0,0,2,2,1,0,2,2
SIDM00445,6,2,3,7,4,4,2,2,2,2,2,2,2,6,2,2,3,1,2,2,2,2,2,6,2,2,2,2,2,3,3,2,2,2,0,0,0,2,2,0,4,0
SIDM00446,2,2,2,4,2,2,3,2,3,2,2,2,2,2,2,2,2,1,2,2,2,3,2,2,2,2,2,2,2,2,2,2,2,2,1,0,0,2,2,0,4,2
SIDM00447,2,3,2,2,2,2,2,2,2,2,2,2,2,2,2,2,2,1,2,2,2,2,2,2,2,2,2,2,2,2,2,2,2,1,0,0,2,2,2,0,2,2
SIDM00448,3,2,1,2,2,2,2,2,2,3,2,2,2,2,2,2,2,1,2,2,2,3,2,2,2,3,2,2,2,2,2,2,2,2,1,0,2,2,0,1,2,0
SIDM00449,2,2,2,2,2,2,2,2,3,2,2,2,2,2,2,2,2,2,2,2,2,2,2,2,2,2,2,2,2,2,2,3,2,2,0,0,3,2,2,0,5,2
SIDM00450,4,4,3,5,4,3,5,3,5,5,3,4,6,4,4,5,4,2,3,4,4,4,5,3,3,4,3,4,4,4,4,5,3,4,0,0,5,3,3,0,4,0
SIDM00451,4,4,3,4,4,4,4,4,4,4,4,4,4,4,4,4,4,3,4,4,4,4,4,4,4,4,4,4,3,4,4,4,4,4,0,0,0,4,4,0,11,4
SIDM00453,5,4,3,3,3,4,3,2,4,3,4,3,2,3,3,2,2,2,3,1,4,4,3,2,3,2,3,2,2,3,3,2,3,3,0,0,0,4,4,0,3,4
SIDM00454,4,3,4,4,6,3,3,5,5,5,3,5,3,4,2,4,3,3,4,4,3,3,4,4,3,5,4,3,4,4,4,3,2,2,0,0,6,0,4,0,6,4
SIDM00455,5,5,3,3,5,5,4,4,6,3,7,4,10,4,2,4,3,2,3,2,4,6,4,5,6,5,3,4,3,4,4,4,5,6,0,0,0,5,3,0,4,0
SIDM00457,4,4,5,6,3,4,0,3,4,4,4,3,4,4,4,3,3,3,4,4,3,3,3,3,4,4,2,3,2,3,3,7,3,3,0,0,13,4,0,0,3,0
SIDM00458,3,3,3,4,3,3,4,2,5,2,4,4,3,3,3,5,3,2,2,3,2,2,2,3,8,2,3,3,3,3,3,4,3,4,0,0,0,0,3,0,5,3
SIDM00459,2,2,2,2,2,2,2,2,2,2,2,2,2,2,2,2,2,1,2,1,2,2,2,2,2,2,2,2,2,2,2,2,2,2,0,0,0,2,2,0,4,2
SIDM00460,2,2,2,2,2,2,3,2,2,2,2,3,2,2,2,2,2,1,2,2,2,2,2,2,2,2,2,2,2,2,2,2,2,3,0,0,0,2,2,0,2,0
SIDM00461,2,2,2,3,2,2,2,2,3,2,2,2,2,2,2,2,2,1,2,2,2,2,2,2,2,2,2,2,2,2,2,3,2,2,0,0,0,2,2,0,6,2
SIDM00462,4,2,2,3,2,2,2,2,3,3,2,2,2,2,2,2,2,1,2,2,2,2,2,2,2,2,2,2,3,2,2,3,2,2,0,0,0,2,2,0,2,0
SIDM00463,4,4,2,4,5,2,5,2,4,4,4,4,2,4,4,4,5,3,4,4,4,4,4,4,4,4,3,4,3,4,4,4,3,4,0,0,0,4,4,0,5,0
SIDM00465,2,2,2,3,2,2,0,2,5,2,2,2,2,2,2,2,2,2,3,2,2,3,2,2,2,3,2,2,2,2,2,2,2,2,0,0,3,2,2,0,2,2
SIDM00466,3,1,2,3,2,2,1,1,2,2,2,1,3,2,2,1,2,1,1,1,2,3,1,1,3,2,3,2,2,2,2,3,2,1,0,0,0,0,1,0,2,0
SIDM00467,2,2,2,2,2,2,2,2,2,2,2,2,2,2,2,2,2,2,2,2,2,2,2,2,2,2,2,2,3,2,2,2,2,2,0,0,0,2,2,0,2,3
SIDM00469,4,3,2,4,5,3,2,1,2,2,3,2,5,3,2,2,4,2,2,1,3,2,2,3,3,3,3,2,0,4,4,4,4,2,0,0,0,3,3,0,5,0
SIDM00472,1,1,2,2,2,2,1,1,3,2,2,1,3,2,2,1,2,2,1,2,2,3,1,2,3,2,2,2,2,2,3,2,2,1,0,0,2,2,1,0,2,2
SIDM00474,2,1,2,2,2,2,2,2,2,2,2,2,4,2,1,2,2,2,1,2,2,2,2,2,2,2,2,2,2,2,2,2,1,1,0,0,2,2,2,0,2,1
SIDM00475,5,4,4,4,4,4,5,3,6,3,4,4,4,4,4,4,4,4,4,2,4,4,4,4,4,3,4,4,3,4,4,4,3,3,0,0,0,4,4,0,4,4
SIDM00476,4,3,4,5,2,2,3,2,2,4,3,2,3,4,2,2,4,1,3,3,3,4,3,2,3,2,2,3,3,4,4,4,3,3,0,0,4,2,2,0,2,3
SIDM00477,4,3,4,3,6,5,4,3,3,14,3,4,4,2,3,4,2,4,2,2,2,4,3,14,5,5,3,4,4,4,4,4,3,4,0,0,0,4,4,0,7,3
SIDM00478,4,5,3,5,5,2,3,3,3,2,2,3,4,5,2,3,3,2,4,2,2,5,4,3,12,14,3,4,3,3,3,4,3,2,0,0,9,4,2,0,5,0
SIDM00479,2,2,2,4,3,3,2,2,4,3,3,3,3,2,3,4,2,2,4,1,3,3,4,2,4,3,2,4,0,3,3,4,4,2,0,0,4,2,3,0,3,3
SIDM00480,5,2,5,5,5,3,5,3,6,4,3,4,3,3,3,4,3,3,3,2,3,6,3,5,3,4,4,3,2,4,4,3,2,4,0,0,0,3,3,0,3,3
SIDM00481,3,2,1,2,3,2,2,3,2,1,3,2,5,2,2,2,3,1,2,3,2,4,2,2,3,2,3,1,2,2,2,2,3,2,0,0,0,2,0,0,4,2
SIDM00482,2,2,2,2,2,2,2,2,2,2,2,2,2,2,2,2,2,2,2,2,2,3,2,2,2,2,2,2,1,2,2,2,2,2,0,0,0,2,2,0,2,3
SIDM00483,2,3,2,3,3,3,2,2,4,3,3,3,4,3,2,3,2,1,3,1,3,3,2,3,3,3,7,2,2,3,3,3,2,2,0,0,3,3,0,0,3,2
SIDM00484,2,2,2,3,2,2,2,1,3,2,2,2,3,2,2,2,2,1,2,2,1,2,2,2,3,2,2,2,1,2,2,3,1,1,0,0,0,2,2,0,2,3
SIDM00485,2,1,2,2,2,2,2,2,2,2,1,2,2,2,2,2,2,1,2,1,1,6,2,2,3,2,2,2,3,1,1,2,3,2,0,0,0,2,2,0,8,2
SIDM00486,4,4,2,0,4,3,0,1,4,8,4,2,4,3,4,2,3,3,3,4,2,3,2,3,3,4,5,2,3,2,2,2,3,3,0,0,2,4,3,0,4,2
SIDM00487,4,5,4,4,4,3,4,3,4,4,3,4,4,5,3,4,4,4,2,3,4,3,4,4,3,4,4,4,3,4,4,4,3,4,0,0,0,3,3,0,2,0
SIDM00488,4,2,1,4,3,3,3,2,2,4,4,2,2,2,2,3,3,2,2,3,2,3,3,4,4,4,2,3,2,3,4,4,4,2,0,0,7,4,3,0,3,2
SIDM00489,3,3,3,3,3,2,3,1,3,2,3,2,3,4,2,3,2,2,2,2,2,4,1,2,3,7,2,3,4,3,3,3,4,3,2,4,3,2,0,0,2,0
SIDM00490,4,3,2,3,3,2,2,2,2,4,2,3,2,3,5,3,4,2,3,3,3,4,2,1,3,4,2,3,2,2,2,3,3,2,0,0,3,3,3,0,3,4
SIDM00491,4,3,5,3,4,4,4,3,4,2,3,3,2,3,2,2,3,4,3,2,5,3,2,2,3,2,4,3,3,2,3,0,3,4,0,0,2,4,5,0,3,0
SIDM00492,4,3,4,5,3,4,4,3,3,3,4,3,4,2,3,3,3,2,3,2,3,2,2,4,4,3,3,3,3,3,3,4,3,4,2,0,9,4,4,0,10,2
SIDM00493,4,2,2,2,1,3,2,2,2,2,3,1,2,2,2,2,2,2,2,2,2,2,2,2,3,3,2,2,2,2,2,2,2,2,0,0,2,3,3,0,1,2
SIDM00493,4,2,2,2,1,3,2,2,2,2,3,1,2,2,2,2,2,2,2,2,2,2,2,2,3,3,2,2,2,2,2,2,2,2,0,0,2,3,3,0,1,2
SIDM00494,7,2,2,3,3,2,0,1,3,2,3,2,2,3,2,4,2,2,3,2,2,4,3,2,2,4,3,3,2,4,4,3,2,3,0,0,6,3,2,0,7,0
SIDM00495,1,3,2,3,2,2,2,2,2,2,2,2,2,2,2,2,3,1,2,1,2,3,2,2,2,2,2,2,2,2,2,3,2,3,0,0,0,2,2,0,6,2
SIDM00496,3,4,2,3,2,4,0,3,3,2,3,1,4,3,3,3,3,4,2,3,3,5,3,3,3,2,3,3,2,3,3,2,3,3,0,0,0,2,4,0,7,0
SIDM00498,2,2,2,2,2,2,2,2,2,2,2,2,3,2,2,3,2,2,2,2,2,2,2,2,2,3,2,2,2,2,2,2,2,2,0,0,2,2,2,0,2,0
SIDM00499,2,2,2,3,2,2,2,2,2,3,2,2,3,2,2,2,2,1,2,2,2,2,2,2,2,3,2,2,2,2,2,3,2,2,0,0,3,2,2,0,2,3
SIDM00501,3,3,2,3,3,3,3,2,2,4,2,2,2,2,2,2,3,2,4,2,2,4,2,2,2,4,3,3,2,3,3,3,4,3,0,0,0,3,3,0,3,2
SIDM00502,2,2,2,0,2,2,0,2,2,3,2,2,10,2,2,1,2,2,2,2,2,2,2,2,2,3,2,2,1,2,2,2,2,2,0,0,0,2,2,0,5,2
SIDM00503,6,4,2,4,4,3,2,2,3,3,2,3,4,3,3,2,3,1,1,2,2,6,3,2,2,3,2,3,0,2,2,4,3,2,0,0,4,3,2,0,3,0
SIDM00504,3,3,3,4,8,3,4,2,6,4,3,4,4,3,3,4,5,2,4,3,3,4,2,4,3,6,4,4,5,4,4,5,4,4,0,0,5,3,3,0,4,3
SIDM00505,4,3,3,3,3,2,0,2,2,4,2,3,4,3,2,3,3,2,3,3,3,3,3,3,2,4,3,2,2,3,3,3,3,2,0,0,0,2,0,0,3,4
SIDM00506,7,4,1,1,4,4,4,3,4,3,4,4,6,4,4,2,11,2,2,4,2,4,4,2,4,3,4,2,2,3,3,3,5,5,0,0,0,4,0,0,4,4
SIDM00507,3,2,1,2,2,2,2,3,2,2,1,2,2,2,2,2,2,1,1,2,2,3,1,2,2,2,2,2,1,2,2,2,2,2,0,0,2,0,2,0,2,2
SIDM00508,4,3,3,3,3,3,2,3,3,3,3,2,3,3,2,2,3,2,2,3,2,2,3,3,3,3,3,3,3,2,2,0,3,1,0,0,0,0,3,0,3,0
SIDM00509,5,4,4,5,7,6,5,3,4,5,5,5,3,5,5,4,4,4,5,5,3,4,6,5,6,6,3,4,5,4,4,5,3,5,1,1,5,6,6,1,7,5
SIDM00510,5,4,2,3,5,3,4,3,3,4,3,4,4,6,2,3,3,3,3,6,4,6,3,3,3,4,3,2,2,3,3,3,3,4,0,0,3,3,3,0,4,2
SIDM00511,8,2,2,4,4,3,3,3,4,4,3,3,4,4,4,4,4,2,4,4,2,4,2,4,3,4,4,4,3,3,3,4,2,3,0,0,0,3,0,0,4,2
SIDM00512,4,3,2,2,3,3,2,1,2,2,3,2,14,2,2,3,2,2,2,2,2,3,2,2,3,2,3,3,2,2,2,2,2,2,0,0,0,3,3,0,3,2
SIDM00513,2,2,2,2,2,2,2,1,1,2,1,1,2,2,1,1,1,1,1,2,2,2,2,2,2,2,2,2,2,2,2,2,2,2,1,0,2,2,2,0,2,2
SIDM00515,4,2,2,3,4,2,3,2,3,3,2,3,2,4,2,3,3,2,3,4,4,4,4,3,2,4,2,4,4,3,3,3,2,3,2,0,3,2,2,0,4,0
SIDM00516,2,2,2,4,3,2,2,2,3,3,2,2,2,2,2,2,2,1,2,2,3,3,5,2,2,3,2,3,2,2,2,2,2,2,0,0,4,2,2,0,3,2
SIDM00517,2,2,2,2,3,2,2,2,3,3,2,2,2,2,2,2,2,2,2,2,3,3,2,2,2,3,1,3,2,2,2,2,2,2,0,0,2,2,2,0,2,2
SIDM00518,4,4,4,3,3,3,4,2,4,3,3,2,4,3,2,3,4,2,4,3,3,3,2,4,3,3,2,3,3,4,4,4,4,3,0,0,0,2,3,0,3,0
SIDM00519,2,1,2,3,2,1,2,2,1,2,2,2,6,1,1,1,1,1,2,1,1,1,2,2,2,3,1,2,2,2,2,3,2,2,0,0,0,2,1,0,2,1
SIDM00520,2,4,4,4,4,4,4,3,3,4,4,2,4,2,3,2,4,2,4,2,4,4,3,4,4,4,2,4,5,4,4,4,4,4,2,0,4,4,4,2,4,2
SIDM00521,5,2,2,2,4,3,3,2,3,3,4,3,3,1,3,3,3,2,2,5,2,4,3,3,3,3,4,2,4,3,3,1,3,2,0,0,0,3,3,0,4,3
SIDM00522,3,3,2,3,3,2,3,3,2,4,2,3,2,3,2,2,14,4,2,3,2,4,2,3,2,4,3,2,0,3,3,3,2,3,0,0,3,2,2,0,9,2
SIDM00523,4,2,2,3,3,2,2,1,3,3,3,2,5,4,2,1,3,2,2,5,1,2,3,2,4,3,2,3,2,2,2,0,2,2,0,0,0,2,3,0,3,0
SIDM00524,4,2,2,4,3,4,4,5,3,7,5,4,4,4,3,2,4,2,2,6,2,4,2,4,4,4,7,2,2,4,4,4,2,2,0,0,0,0,4,0,5,6
SIDM00525,3,2,3,4,2,3,2,14,4,2,3,3,4,2,9,3,3,1,2,2,2,4,3,3,3,3,2,3,3,3,9,4,2,4,0,0,4,3,3,0,2,2
SIDM00526,2,2,3,2,2,2,0,2,3,2,2,3,2,3,2,2,4,1,2,3,2,2,3,2,3,2,3,3,3,2,2,2,3,3,4,0,5,3,2,0,2,3
SIDM00527,3,3,4,4,6,5,3,3,4,6,5,3,3,3,3,4,3,2,4,3,4,4,5,4,5,6,3,4,3,4,4,4,4,2,0,0,4,5,5,0,6,3
SIDM00528,4,4,2,3,2,2,4,1,3,2,2,3,4,3,3,3,2,2,2,2,3,3,2,9,6,3,3,3,2,3,3,2,2,3,0,0,2,0,1,0,2,3
SIDM00529,4,4,2,0,4,2,2,3,5,3,2,3,2,3,2,2,3,4,4,3,2,3,3,2,2,3,2,2,2,3,3,4,3,2,0,0,8,2,2,0,4,2
SIDM00530,5,2,3,3,6,4,4,2,4,4,4,4,4,3,2,4,2,2,2,3,3,4,2,14,4,5,4,3,2,3,3,5,4,4,0,0,7,4,4,0,4,0
SIDM00531,3,4,3,4,2,5,4,3,3,3,5,4,4,3,3,3,3,3,5,3,4,4,3,5,5,3,3,4,2,3,3,4,4,4,0,0,0,5,5,0,2,0
SIDM00532,2,2,2,2,4,2,2,1,2,2,2,2,2,2,2,2,3,1,2,2,2,2,1,2,2,3,2,2,2,2,2,2,2,2,0,0,2,2,2,0,3,2
SIDM00533,2,2,1,2,1,2,2,1,2,2,1,1,2,2,2,1,2,1,2,2,2,2,2,3,2,2,3,2,2,2,2,2,2,1,1,2,2,2,2,0,4,0
SIDM00534,4,2,2,2,2,2,2,2,2,3,2,2,3,2,2,2,2,1,2,2,2,2,2,3,2,3,2,2,2,2,2,2,3,2,0,0,0,0,2,0,2,2
SIDM00535,2,2,2,2,2,2,0,2,2,2,2,2,2,2,2,2,2,2,2,2,2,2,2,2,2,2,2,2,2,2,2,2,2,2,0,0,0,2,2,0,5,1
SIDM00537,2,2,2,2,2,2,0,2,2,2,2,2,2,2,2,2,2,2,2,2,2,2,2,2,2,2,2,2,2,2,2,2,2,2,0,0,0,2,2,0,2,2
SIDM00538,2,3,3,3,2,2,2,2,2,12,2,3,3,3,2,3,3,2,3,2,3,4,2,4,2,3,3,4,2,2,2,4,2,3,0,0,0,3,2,0,2,3
SIDM00539,2,1,2,2,2,2,2,1,2,2,2,2,2,2,2,1,2,1,1,1,2,3,2,2,2,2,2,3,2,2,2,2,2,2,1,0,2,2,2,0,8,2
SIDM00540,4,5,2,4,6,4,4,2,5,3,4,4,4,5,2,4,3,2,4,3,2,3,4,4,4,11,4,4,3,3,3,4,4,4,0,0,4,4,4,0,6,0
SIDM00541,4,4,3,4,14,4,2,2,4,5,4,4,3,2,3,2,3,4,3,2,4,4,4,3,4,4,3,4,2,4,4,4,4,2,0,0,0,4,4,0,2,3
SIDM00542,2,2,2,2,3,2,2,2,4,3,1,1,2,2,2,2,3,1,2,2,2,2,1,2,2,3,2,2,2,2,2,2,2,2,0,0,2,2,2,0,3,2
SIDM00543,3,3,2,3,2,3,3,2,3,4,2,2,3,3,2,3,2,1,2,2,3,3,3,3,2,4,2,3,2,3,3,3,2,3,0,0,0,2,2,0,2,0
SIDM00544,2,2,2,2,1,2,2,1,2,3,1,3,2,2,2,2,6,1,2,2,2,2,2,2,2,2,2,3,1,1,1,4,2,2,0,0,0,2,2,0,5,0
SIDM00545,2,2,2,2,2,2,2,1,2,2,1,2,1,2,2,2,2,1,2,2,2,2,2,2,3,2,2,2,2,2,2,2,1,2,0,0,2,2,2,0,2,2
SIDM00547,5,6,4,4,4,4,5,4,4,6,4,4,4,4,4,2,4,4,4,3,4,4,4,5,4,9,4,6,3,4,4,6,4,5,0,0,11,4,4,2,4,1
SIDM00548,6,2,2,4,2,2,2,3,4,3,3,3,3,3,2,2,2,1,2,2,2,4,3,4,3,3,2,3,2,3,3,4,3,2,0,0,9,3,2,0,6,4
SIDM00549,2,2,2,2,2,2,2,2,2,2,2,2,2,2,2,2,2,2,2,2,2,2,2,2,2,2,2,2,1,2,2,0,2,2,0,0,2,0,2,0,2,2
SIDM00550,4,4,3,5,4,3,3,2,2,3,3,4,11,2,2,2,4,2,3,2,2,6,4,6,6,6,3,4,3,4,4,7,2,3,0,0,11,4,3,0,4,0
SIDM00551,4,3,3,4,2,2,3,1,5,3,2,3,3,5,4,3,3,2,3,1,3,5,2,3,6,5,3,4,2,3,3,4,4,3,0,0,9,9,2,0,2,1
SIDM00552,2,2,2,2,2,2,2,2,2,2,2,2,2,2,2,2,2,1,2,2,2,2,2,2,2,2,3,2,2,2,2,2,2,2,0,0,2,2,2,0,2,0
SIDM00553,4,4,4,4,5,4,4,2,4,4,4,4,4,4,4,4,4,2,2,4,4,4,6,4,4,4,4,4,3,4,4,3,2,4,0,0,0,4,4,0,5,1
SIDM00554,4,2,4,4,2,3,3,2,5,4,3,3,12,2,2,2,4,1,2,1,2,3,4,2,3,2,5,2,2,2,2,0,2,3,0,0,0,3,2,0,2,0
SIDM00555,4,4,4,4,2,2,4,3,4,4,3,3,3,4,3,4,3,4,4,4,3,5,2,4,3,4,3,3,3,4,4,4,3,4,0,0,0,0,4,0,2,0
SIDM00556,2,2,2,3,2,2,2,2,2,2,2,2,2,2,2,2,1,1,1,2,2,2,2,2,2,2,2,2,2,2,2,2,2,2,1,1,2,2,2,1,2,0
SIDM00557,3,2,2,2,2,2,2,2,2,2,2,2,2,2,2,2,1,1,2,2,2,2,2,2,2,2,2,2,1,2,1,2,2,2,0,0,0,2,2,0,2,3
SIDM00560,6,3,2,3,5,3,0,2,3,2,3,2,2,5,2,3,3,2,3,3,3,3,3,14,5,4,4,5,2,4,4,3,2,4,0,0,0,0,5,0,5,4
SIDM00561,2,2,2,0,2,2,2,2,1,3,7,2,2,2,3,2,2,4,1,4,5,2,2,2,2,2,2,2,1,2,2,2,2,2,0,0,2,2,2,0,2,2
SIDM00562,5,2,4,5,4,3,5,4,6,5,5,2,4,3,4,3,4,3,4,3,4,2,3,3,3,5,4,4,3,4,4,4,4,4,0,0,0,3,2,0,4,0
SIDM00564,2,3,4,3,3,2,3,3,4,2,2,3,3,5,2,2,3,2,2,2,2,4,2,4,2,4,3,2,2,3,3,3,3,3,0,0,0,0,2,0,3,0
SIDM00565,5,2,3,3,4,3,2,2,3,2,2,1,3,2,2,6,3,2,3,1,2,5,2,3,3,4,2,2,0,3,3,3,3,2,0,0,0,3,3,0,3,0
SIDM00566,7,5,5,5,7,8,5,3,5,5,5,5,6,7,4,5,5,4,6,3,4,5,4,5,8,6,6,5,8,4,4,4,5,5,1,0,4,6,6,0,11,5
SIDM00567,6,4,3,5,6,4,4,6,5,5,2,2,3,3,3,3,4,4,4,4,3,4,2,4,4,4,3,3,3,3,3,5,4,4,0,0,5,4,5,0,6,2
SIDM00568,2,2,2,0,2,2,2,2,3,3,3,2,2,3,2,2,2,3,2,2,2,2,4,2,3,3,4,3,2,2,2,3,2,2,0,0,0,2,2,0,2,0
SIDM00569,5,4,5,0,5,5,4,3,2,3,2,3,4,5,3,4,5,2,5,2,2,4,7,3,7,5,5,3,2,2,2,4,3,3,0,0,0,3,4,0,5,0
SIDM00570,3,3,3,3,3,4,3,5,3,4,4,3,4,3,3,3,3,3,3,3,4,4,3,4,4,6,3,3,3,4,4,3,5,3,1,1,3,4,4,1,3,1
SIDM00571,3,4,3,3,2,3,0,2,3,2,4,2,3,2,4,3,3,2,3,2,2,3,3,2,4,4,2,3,2,4,4,3,2,2,0,0,0,3,3,0,2,0
SIDM00572,4,2,2,4,4,3,0,2,4,2,3,3,2,2,2,2,2,2,2,2,2,2,3,2,4,3,2,2,2,3,4,3,2,1,0,0,0,3,3,0,10,0
SIDM00573,5,2,3,3,4,3,4,3,3,4,3,3,5,2,3,3,5,4,3,2,4,4,3,3,3,4,4,3,2,3,3,0,3,2,0,0,0,0,3,0,4,1
SIDM00574,3,3,2,3,3,3,4,2,2,3,3,2,2,3,1,2,3,2,2,3,3,4,3,2,3,2,2,2,2,2,2,0,3,5,1,0,3,3,3,0,3,0
SIDM00575,3,2,1,2,3,2,2,2,2,4,2,2,2,2,2,2,2,3,2,2,2,2,2,2,2,4,2,3,1,2,2,2,2,2,0,0,0,0,2,0,3,0
SIDM00576,2,2,2,2,2,2,2,2,3,1,2,2,1,2,2,2,2,2,2,3,2,2,2,2,2,2,2,2,0,2,2,2,2,1,0,0,0,2,2,0,4,0
SIDM00577,2,2,2,2,2,2,2,2,2,2,3,2,2,2,2,2,1,1,1,2,2,2,2,3,3,2,2,2,2,3,3,2,2,2,1,0,2,0,2,0,2,0
SIDM00578,2,2,2,2,2,2,2,2,2,2,2,2,2,1,2,2,1,1,2,1,2,2,2,2,2,2,2,1,0,2,2,4,2,2,0,0,0,2,1,0,2,0
SIDM00579,3,3,3,3,2,3,1,3,3,5,2,3,3,3,3,3,3,3,3,3,3,3,3,2,3,3,3,3,4,11,2,3,3,3,1,1,3,3,3,1,2,3
SIDM00580,4,2,2,2,2,2,2,1,3,1,2,2,2,2,2,2,2,2,2,2,2,3,2,2,2,2,2,2,1,2,2,0,1,2,0,0,4,2,2,0,2,0
SIDM00581,3,2,3,3,5,3,0,1,2,3,2,2,3,3,4,4,4,3,4,4,4,3,4,4,3,5,3,3,2,3,3,3,4,3,0,0,0,3,3,0,5,0
SIDM00583,3,2,1,3,3,3,2,1,3,3,3,3,6,3,2,2,3,3,2,1,2,4,2,3,3,3,2,4,2,3,3,0,2,2,0,0,3,2,4,0,8,2
SIDM00584,4,3,4,4,4,3,0,4,4,4,2,4,3,4,4,3,4,3,6,4,2,4,5,3,3,4,4,3,3,2,2,4,4,2,0,0,4,3,3,0,4,4
SIDM00585,2,3,2,3,4,2,2,2,3,3,2,3,3,4,4,3,2,1,3,2,3,2,0,2,5,4,2,3,2,2,2,2,3,1,0,0,0,5,2,0,4,4
SIDM00586,3,3,4,4,3,2,3,1,2,4,3,3,2,3,2,3,3,3,5,2,3,3,2,3,3,4,3,3,3,3,3,4,3,2,0,0,4,3,3,0,3,0
SIDM00587,4,2,2,4,4,5,3,3,4,3,4,2,4,2,3,3,3,4,3,2,2,4,4,4,5,4,2,3,3,3,3,4,3,3,2,0,4,2,3,0,9,0
SIDM00588,6,4,3,4,5,3,3,4,4,3,3,3,4,3,2,3,5,2,4,3,3,4,4,4,7,6,4,4,3,4,4,4,4,3,0,0,9,5,3,0,13,2
SIDM00589,4,2,3,3,3,4,3,3,3,2,2,2,3,2,2,4,3,2,3,1,2,3,3,3,4,5,4,2,3,3,3,3,3,3,0,1,3,1,4,1,7,2
SIDM00590,4,3,2,1,4,3,3,3,2,2,4,2,4,3,2,2,2,2,3,1,2,4,3,2,3,12,3,2,2,2,2,2,3,3,0,0,5,3,3,0,7,0
SIDM00591,5,2,3,4,4,3,2,2,3,2,2,3,3,2,2,3,2,1,2,1,2,4,3,10,4,3,3,4,5,3,3,2,3,2,3,0,2,2,3,2,3,0
SIDM00592,8,4,3,3,6,4,4,4,3,4,3,4,3,4,2,4,4,2,4,3,2,3,4,4,5,4,4,3,3,3,3,3,5,3,3,0,7,4,4,0,5,0
SIDM00594,3,2,4,3,2,2,3,8,4,2,5,3,3,3,3,3,4,1,2,3,2,3,3,3,3,2,2,3,0,3,3,3,2,2,0,0,3,2,2,0,2,3
SIDM00596,4,4,3,4,4,4,2,3,3,4,4,2,4,6,2,3,4,2,4,3,4,4,4,4,4,4,2,3,2,2,2,4,4,2,0,0,4,4,4,0,4,0
SIDM00598,4,3,3,0,3,14,4,2,3,3,3,2,4,3,2,3,3,2,2,1,3,5,2,3,2,2,5,3,2,3,3,3,3,4,0,0,3,3,2,0,3,0
SIDM00599,4,2,3,0,2,2,3,4,4,3,3,2,8,4,6,4,4,3,3,4,4,4,3,3,2,3,5,4,2,4,4,3,2,3,0,0,12,2,2,0,4,0
SIDM00600,2,2,2,3,2,2,2,2,2,2,2,2,2,2,2,2,2,2,2,2,2,2,2,2,2,2,2,2,2,2,2,3,2,2,0,1,3,2,2,1,2,2
SIDM00602,2,2,2,0,2,2,2,2,3,3,2,2,2,2,2,2,2,1,2,2,2,2,2,2,2,3,2,2,2,2,2,2,2,2,0,0,0,2,2,0,2,0
SIDM00603,4,3,3,2,3,3,3,5,2,3,2,2,3,2,2,4,3,2,3,2,2,4,2,2,7,7,3,2,3,3,3,3,4,3,0,0,0,3,3,0,6,0
SIDM00604,5,4,2,2,4,4,3,3,3,2,2,3,3,4,2,2,4,1,3,2,2,4,3,2,3,2,3,3,2,2,2,2,4,2,0,0,0,3,4,0,4,2
SIDM00606,4,3,3,3,3,3,1,2,3,2,3,3,3,2,2,2,2,1,2,1,2,5,3,3,3,4,3,3,2,2,2,2,2,2,0,0,6,3,3,0,4,2
SIDM00607,4,3,2,4,3,2,3,3,2,3,4,4,3,3,2,4,3,2,4,3,3,5,3,4,3,4,2,4,2,5,5,5,5,3,0,0,0,0,2,0,3,2
SIDM00608,4,3,4,4,2,3,0,3,4,5,2,3,2,3,3,3,3,2,2,5,2,4,2,4,3,4,2,3,3,3,3,7,3,3,0,0,7,0,3,0,2,0
SIDM00609,3,3,3,3,4,3,4,4,2,6,3,4,4,2,2,4,3,4,2,2,2,4,2,4,3,3,2,4,3,3,3,4,4,4,0,0,0,0,0,0,4,0
SIDM00611,3,3,5,5,4,4,3,3,4,4,4,3,3,2,3,4,3,2,3,2,2,4,3,4,4,4,2,3,3,4,3,5,3,3,0,0,0,4,4,0,11,0
SIDM00612,2,2,1,2,2,2,2,1,2,2,2,2,2,2,2,2,2,1,2,2,2,2,1,2,2,2,1,2,1,2,2,2,2,2,0,0,2,2,2,0,2,2
SIDM00613,5,4,2,4,2,2,4,4,3,3,2,4,2,3,2,6,4,4,2,3,4,3,3,2,2,3,3,4,3,2,2,4,4,4,0,0,0,0,2,0,2,2
SIDM00614,6,3,2,3,3,3,3,2,2,4,3,11,3,3,2,4,3,2,7,2,2,3,2,4,10,2,4,5,3,4,4,3,2,4,0,0,6,4,3,1,4,0
SIDM00615,5,2,4,4,4,4,3,3,3,4,4,3,4,2,2,3,3,2,3,2,3,2,4,3,4,4,3,3,3,3,3,3,4,2,0,0,3,0,3,0,4,2
SIDM00618,4,3,4,4,5,4,4,4,5,5,4,3,5,3,3,4,3,2,3,3,3,5,3,4,4,4,4,2,3,4,4,0,4,4,0,0,4,0,4,0,5,3
SIDM00619,4,4,6,5,4,3,4,3,3,3,4,5,3,4,3,3,4,2,8,3,5,4,3,3,6,3,3,4,4,4,4,2,3,4,0,0,11,4,5,0,4,3
SIDM00620,3,3,2,4,4,2,4,2,4,5,3,4,4,3,3,2,4,2,4,4,4,4,3,4,3,5,2,4,3,3,3,4,3,4,0,0,4,3,2,0,4,5
SIDM00621,2,1,2,3,2,1,2,2,3,2,1,2,2,2,2,2,2,1,2,2,2,1,2,2,1,2,2,2,2,2,2,3,2,2,0,0,3,2,1,0,2,2
SIDM00622,4,4,4,4,4,4,4,6,4,8,4,4,3,4,4,4,4,4,4,4,4,4,3,4,4,7,4,4,3,4,4,4,6,4,0,0,4,4,4,0,7,0
SIDM00623,2,2,2,2,2,2,2,2,2,2,2,2,2,2,2,2,2,1,2,2,2,2,2,2,2,2,2,2,2,2,2,2,2,2,1,0,2,2,2,0,2,2
SIDM00625,2,2,2,2,2,2,2,2,2,1,2,1,2,2,2,2,2,1,2,2,2,2,2,2,2,1,2,2,2,2,2,2,2,1,0,0,2,2,2,0,2,4
SIDM00627,4,3,2,2,3,3,2,5,3,2,3,2,3,2,2,2,2,3,3,2,2,4,2,3,3,3,4,3,3,3,3,2,5,2,0,0,2,3,3,0,3,2
SIDM00628,5,2,2,4,3,6,4,2,3,3,4,3,2,5,3,3,6,3,2,2,2,2,2,2,4,14,2,2,3,4,4,4,3,4,0,0,4,4,0,0,4,2
SIDM00629,6,2,2,4,2,5,2,2,4,4,2,2,4,4,3,2,4,5,3,2,4,2,2,2,2,4,2,3,3,5,6,5,3,2,0,0,5,4,2,0,3,2
SIDM00630,3,4,4,2,3,3,3,3,2,3,2,2,3,2,3,4,3,4,2,1,1,3,3,2,10,4,3,3,2,3,3,2,2,3,0,0,5,3,3,0,6,4
SIDM00631,5,3,5,4,3,3,5,4,5,4,3,3,4,3,4,3,3,5,3,2,4,6,4,15,9,4,5,4,4,4,3,4,4,5,1,1,1,3,6,1,3,5
SIDM00632,2,2,2,2,2,2,2,2,2,2,2,2,2,2,2,2,2,2,2,2,2,2,2,2,2,2,2,2,2,2,2,2,2,2,0,0,0,2,2,0,4,2
SIDM00633,4,4,4,6,6,5,3,3,6,5,2,3,3,2,3,5,2,4,2,2,4,4,3,3,10,5,4,4,3,3,3,5,3,3,0,0,11,2,5,0,6,6
SIDM00636,2,2,2,2,2,2,2,2,2,2,2,2,2,2,2,2,2,1,2,2,2,2,2,2,2,2,2,2,2,2,2,2,2,2,1,0,0,2,2,1,2,2
SIDM00637,2,2,3,2,2,2,2,2,2,2,2,2,2,3,2,2,2,1,2,3,2,3,2,2,2,3,2,3,2,2,2,3,2,2,0,0,3,2,2,0,2,2
SIDM00638,2,2,2,2,2,1,2,2,3,2,1,2,2,3,1,2,2,3,2,2,1,2,1,2,2,6,2,3,0,2,2,2,2,2,0,0,0,2,0,0,2,1
SIDM00640,4,6,3,3,3,3,3,4,3,4,3,2,4,4,4,3,3,2,4,4,3,4,3,4,3,4,4,3,4,4,4,2,4,3,2,0,3,3,3,2,3,4
SIDM00641,4,3,2,4,4,3,4,3,4,5,4,3,4,3,3,2,5,2,2,8,2,3,6,3,4,4,2,4,3,3,3,6,4,2,0,0,7,3,3,2,4,4
SIDM00642,4,3,2,3,4,3,3,2,4,4,4,4,4,4,3,2,5,3,2,5,5,4,2,3,4,4,4,4,3,4,4,2,4,3,0,0,3,4,3,0,4,3
SIDM00644,5,3,3,4,2,3,4,3,4,3,2,1,3,3,3,3,2,1,3,2,2,2,2,3,5,3,3,3,2,3,3,0,2,4,0,0,9,6,3,0,2,2
SIDM00645,3,2,2,2,2,3,2,2,3,2,3,2,2,3,3,2,3,1,3,3,2,2,0,2,3,2,3,4,1,3,3,3,2,2,0,0,0,0,1,0,2,5
SIDM00646,3,2,2,5,4,3,3,3,6,6,3,3,3,1,3,4,5,5,3,3,3,3,5,3,3,5,4,3,3,4,5,5,3,3,0,0,0,3,3,0,4,3
SIDM00648,2,2,2,2,4,3,2,2,3,3,2,3,3,4,2,2,3,2,2,4,6,6,2,3,2,3,5,2,2,2,2,3,2,4,0,0,0,3,1,0,4,4
SIDM00649,6,6,3,4,4,4,7,4,9,5,5,7,7,5,3,5,5,3,5,4,5,5,4,3,4,4,3,4,5,5,5,5,5,6,0,0,4,4,3,0,5,3
SIDM00650,4,2,2,4,3,4,3,3,4,3,3,3,4,4,2,2,4,2,3,4,3,3,5,3,3,3,3,2,2,3,3,4,3,3,0,0,8,0,4,0,3,2
SIDM00651,2,2,1,2,2,2,2,2,3,2,2,2,2,2,2,2,2,2,2,2,2,2,2,2,2,2,2,2,1,3,3,2,2,2,0,0,0,0,2,0,2,1
SIDM00652,4,2,2,2,6,4,4,4,4,4,6,6,4,2,2,3,4,4,5,4,2,6,2,3,4,4,4,2,2,3,3,4,3,4,0,0,4,4,4,0,4,4
SIDM00653,3,3,2,4,3,3,2,4,4,4,4,5,3,2,3,3,4,2,2,4,3,3,4,3,4,4,4,2,3,2,2,4,3,1,0,0,0,4,0,0,3,3
SIDM00654,2,1,2,4,2,2,2,2,2,2,2,2,2,2,2,2,2,2,2,2,2,2,2,2,2,2,2,2,2,2,2,3,2,2,0,0,3,2,2,0,2,2
SIDM00655,3,2,2,3,4,2,0,2,2,2,3,3,4,2,2,2,4,3,3,2,2,9,2,2,3,2,2,3,2,3,3,4,2,3,0,0,4,3,2,0,3,2
SIDM00657,2,2,2,2,2,2,2,2,3,2,2,2,2,2,2,2,2,1,2,2,2,2,2,2,2,2,2,2,2,2,2,2,2,2,0,0,2,2,2,0,2,2
SIDM00658,4,2,2,2,2,2,2,1,4,2,1,2,2,1,2,4,2,2,1,1,1,1,2,2,2,2,2,2,2,2,2,2,2,2,0,0,0,2,2,0,2,3
SIDM00659,6,4,2,3,6,6,6,5,4,5,4,5,4,4,3,3,4,5,4,5,3,6,3,4,4,5,4,4,3,3,4,5,5,6,0,0,0,2,5,0,7,6
SIDM00660,5,3,4,3,3,4,2,3,4,5,4,4,5,4,3,3,3,2,4,2,4,4,4,3,4,5,3,4,2,3,3,3,3,3,0,0,0,3,3,0,3,3
SIDM00661,2,2,2,2,2,2,2,2,2,2,4,2,2,2,2,2,2,1,2,2,2,2,2,2,2,2,2,2,2,1,1,2,2,2,1,1,2,2,2,0,2,2
SIDM00662,4,2,3,3,4,4,4,3,5,3,4,2,3,3,3,3,3,2,2,3,3,3,3,3,4,3,3,3,4,3,3,3,3,4,1,1,3,4,4,1,4,3
SIDM00663,2,2,1,3,2,2,2,1,2,2,2,1,2,2,2,2,2,2,2,2,2,2,2,2,2,3,2,2,2,2,2,3,1,2,0,0,0,2,2,0,2,2
SIDM00664,4,3,2,3,3,3,2,3,3,3,3,2,2,1,2,3,3,2,2,1,2,2,2,2,3,3,2,2,2,2,2,2,3,2,0,0,3,3,3,0,3,0
SIDM00665,2,2,2,2,2,2,2,1,3,7,2,2,3,2,2,3,2,1,2,2,3,2,1,2,4,2,3,2,1,2,2,2,3,3,0,1,2,3,2,1,2,0
SIDM00666,2,2,1,2,2,2,2,2,2,3,2,2,2,2,2,1,2,1,2,2,3,2,2,2,2,3,1,2,1,2,2,2,2,2,1,0,2,2,2,0,2,2
SIDM00668,2,2,2,2,2,2,2,2,2,2,2,2,3,2,2,2,2,2,2,2,2,3,2,2,2,2,2,2,1,2,2,2,2,2,0,0,2,2,2,0,2,2
SIDM00669,3,3,2,3,4,2,2,2,3,2,3,2,7,2,2,2,2,2,2,2,2,4,2,2,3,3,4,2,0,3,3,3,2,2,0,0,0,3,2,0,4,4
SIDM00670,6,2,2,3,3,2,2,3,4,3,3,2,3,2,3,3,3,1,2,2,3,3,2,3,3,3,3,3,3,3,3,3,3,1,0,0,0,3,0,0,3,3
SIDM00671,2,2,2,2,2,2,2,2,3,2,2,2,2,2,2,2,2,1,2,2,2,3,2,2,2,2,2,1,2,3,3,2,2,2,0,0,0,2,2,0,3,2
SIDM00672,4,3,3,3,4,5,5,4,4,4,3,4,4,3,5,4,3,2,4,3,3,5,3,4,8,5,4,4,5,3,3,5,4,5,1,1,5,4,5,1,4,5
SIDM00673,9,6,7,6,3,2,4,8,5,6,4,3,4,4,3,5,6,4,3,4,3,6,3,3,4,6,5,3,2,4,4,6,4,4,0,0,6,4,2,0,7,3
SIDM00675,3,2,2,2,2,1,2,3,2,2,2,1,2,2,2,3,2,2,1,3,1,3,2,2,2,2,2,2,1,1,2,2,1,3,0,0,2,2,1,0,7,2
SIDM00676,5,4,4,2,7,3,3,2,4,3,4,3,4,4,3,5,3,2,3,2,3,4,3,3,4,3,4,2,4,3,3,3,4,2,3,0,0,4,2,0,7,3
SIDM00677,3,2,2,3,2,2,2,3,2,3,2,2,2,2,2,2,2,1,2,2,2,2,4,2,2,3,2,3,2,2,2,3,3,2,0,0,0,2,2,0,2,2
SIDM00678,8,5,5,5,7,6,0,5,6,5,5,4,2,6,5,6,8,4,4,4,5,6,6,4,5,6,4,4,3,6,6,8,6,4,0,0,0,0,6,0,7,5
SIDM00679,4,3,2,2,4,3,4,4,3,2,2,3,4,3,2,3,2,4,3,1,2,3,3,4,4,3,3,4,3,2,2,4,3,4,0,0,4,0,3,0,4,2
SIDM00680,2,2,2,2,2,2,2,2,2,2,2,2,2,2,2,2,2,1,2,2,2,2,2,2,2,2,2,2,2,2,2,2,2,2,0,0,2,2,2,0,2,2
SIDM00681,2,4,3,3,5,4,3,3,3,3,4,3,6,2,3,2,2,2,2,2,3,3,4,3,4,3,3,4,3,3,3,1,3,3,0,0,3,0,4,0,12,3
SIDM00683,4,4,4,4,4,4,4,4,4,4,4,4,4,4,4,4,4,2,4,4,4,4,4,4,4,4,4,4,4,3,3,4,4,4,0,2,4,4,4,0,4,4
SIDM00684,4,3,3,5,5,3,3,4,4,5,3,2,4,3,3,4,4,4,3,4,4,4,3,3,4,5,3,4,3,4,4,5,4,3,0,0,5,3,0,0,5,0
SIDM00685,2,5,1,2,3,3,3,2,2,4,2,2,2,4,3,2,3,2,3,2,1,2,2,3,3,4,2,3,2,3,3,2,2,3,0,0,0,0,0,1,3,2
SIDM00686,3,3,2,4,4,2,3,2,2,3,2,3,11,3,3,2,4,3,2,3,2,3,2,3,2,3,3,1,2,2,2,2,2,3,0,0,0,2,2,0,4,0
SIDM00687,3,4,3,2,6,4,4,4,4,5,6,4,4,3,3,4,3,3,4,3,4,5,4,5,5,6,3,4,3,4,4,3,4,4,0,0,7,4,2,0,4,0
SIDM00688,4,4,3,2,4,3,4,3,5,6,3,2,4,3,4,4,3,2,4,3,3,3,3,4,3,4,4,3,3,3,3,4,3,4,0,0,4,3,3,0,4,0
SIDM00689,3,2,1,4,3,2,3,2,2,3,2,2,4,2,2,2,2,2,2,2,2,3,2,3,2,2,2,2,3,3,3,3,2,3,1,0,0,2,2,0,7,2
SIDM00690,5,3,2,3,4,3,2,3,3,2,3,2,1,2,2,2,2,2,2,2,1,3,2,2,3,4,2,2,2,2,2,2,3,2,0,0,0,3,3,0,3,2
SIDM00693,4,4,4,4,4,4,6,4,5,4,2,3,4,5,2,3,4,3,3,4,4,6,5,3,4,3,3,3,4,2,3,4,5,6,0,0,9,4,5,2,6,2
SIDM00694,2,2,2,2,2,2,2,2,2,2,2,2,2,2,2,2,2,1,2,2,2,2,2,2,2,2,2,2,3,2,2,2,2,2,0,1,2,2,2,1,2,2
SIDM00695,3,2,2,3,2,3,3,2,3,3,2,2,3,2,2,3,2,1,3,2,4,4,3,3,3,3,3,3,2,3,3,3,3,2,0,0,0,3,3,0,6,2
SIDM00697,2,2,2,3,2,2,2,2,2,2,2,2,2,2,2,2,2,2,2,2,1,3,1,3,2,2,2,2,2,2,2,2,2,2,0,0,0,2,2,0,2,2
SIDM00698,3,2,3,4,4,3,3,4,3,3,3,4,4,4,4,2,2,2,3,5,3,5,2,3,3,3,2,2,2,3,3,2,2,3,0,0,3,3,3,0,4,4
SIDM00699,4,2,2,4,3,2,3,5,4,3,4,3,4,4,2,2,3,2,2,4,2,4,4,3,3,3,4,2,3,3,3,2,3,3,0,1,0,2,2,1,3,4
SIDM00700,7,2,3,4,4,2,3,3,4,4,5,3,4,4,2,3,3,2,3,3,4,4,2,5,5,4,6,5,2,3,3,5,3,3,0,0,5,3,3,0,5,4
SIDM00702,3,2,3,3,3,2,2,2,3,2,2,2,2,2,2,2,2,2,3,2,3,2,2,3,2,3,3,4,1,3,3,4,2,2,0,0,0,0,2,0,8,2
SIDM00703,7,2,4,3,2,2,2,2,3,3,1,2,3,3,2,2,2,1,3,1,2,3,0,4,4,3,3,3,1,3,3,4,3,4,0,0,7,3,2,0,2,2
SIDM00704,1,2,2,3,2,2,2,1,2,2,2,2,3,2,2,2,2,2,1,3,1,2,1,3,3,1,2,2,0,1,1,2,2,2,0,0,2,2,2,0,2,2
SIDM00706,5,5,3,4,4,4,5,4,6,5,4,3,4,9,3,4,7,2,4,5,2,4,4,4,4,4,4,4,4,4,4,4,4,5,2,0,0,4,4,0,4,0
SIDM00708,4,3,5,3,2,3,2,2,3,2,3,2,2,2,1,2,2,2,2,1,3,4,2,2,3,3,5,3,0,3,3,3,2,1,0,0,3,3,3,0,2,2
SIDM00709,4,3,2,3,1,2,3,2,4,4,3,2,2,2,6,6,2,2,3,2,3,3,2,3,3,4,3,2,3,3,3,4,1,3,0,0,0,3,2,0,2,3
SIDM00710,6,2,2,5,3,3,3,4,3,4,4,2,4,3,3,2,5,3,2,3,2,6,2,4,3,4,3,4,2,3,3,5,3,3,0,0,0,3,0,0,3,0
SIDM00711,2,2,2,2,2,4,3,2,3,4,3,3,2,4,2,3,2,3,2,2,3,2,1,4,4,3,5,3,2,2,2,1,2,3,0,0,3,4,4,0,2,0
SIDM00713,6,4,4,3,3,5,3,3,5,3,5,3,4,3,4,3,3,3,5,3,4,4,3,4,5,3,3,3,2,6,6,2,4,3,0,0,4,6,5,0,5,4
SIDM00715,3,4,3,2,1,2,3,1,2,2,2,2,2,2,2,2,2,2,2,2,2,2,2,4,2,2,3,3,2,3,3,3,1,3,0,0,0,2,2,0,1,2
SIDM00716,7,8,4,8,8,6,5,5,6,9,6,5,8,6,6,6,4,4,4,6,4,4,8,14,6,7,8,4,3,6,6,8,4,3,0,0,0,4,5,0,8,6
SIDM00718,3,3,2,3,3,2,3,3,3,3,3,2,3,3,3,2,3,2,3,2,3,3,3,2,3,3,4,3,3,3,3,4,3,2,0,0,0,3,2,0,3,6
SIDM00719,3,2,2,3,4,3,3,3,2,3,3,3,3,3,2,2,3,2,2,3,2,4,3,3,3,3,4,2,2,4,4,5,3,2,0,0,0,3,3,0,4,2
SIDM00720,4,3,4,0,3,3,4,2,3,4,3,4,4,2,2,4,4,4,3,2,7,4,4,4,3,4,2,5,5,4,4,5,5,2,0,3,10,3,3,0,3,2
SIDM00721,3,2,2,3,4,2,3,3,4,3,2,2,2,4,3,2,3,3,3,4,3,3,2,4,2,3,2,2,3,2,2,3,3,3,0,0,7,2,2,0,4,3
SIDM00722,4,4,6,3,4,4,4,2,3,4,4,4,4,4,2,4,4,2,3,2,4,4,4,3,4,4,2,4,3,4,4,3,2,2,0,0,3,4,4,0,4,2
SIDM00723,4,2,2,2,2,2,2,2,4,4,2,2,4,1,2,2,2,1,2,1,4,3,2,3,2,4,4,2,2,3,3,2,2,2,0,0,5,0,0,0,2,2
SIDM00724,4,4,4,4,6,4,4,2,4,5,4,2,4,4,2,4,4,2,2,2,0,6,4,4,4,5,4,4,2,4,4,4,2,2,0,0,0,4,4,0,6,2
SIDM00726,6,2,4,5,4,4,4,3,4,4,4,2,4,3,4,4,3,4,2,3,5,5,3,4,4,4,5,4,2,3,3,5,3,4,0,0,5,4,4,0,4,6
SIDM00727,5,4,5,8,4,6,4,1,3,8,4,4,2,2,4,6,4,3,3,2,1,3,3,5,5,8,7,3,4,5,5,5,4,5,0,0,0,5,3,0,10,4
SIDM00728,4,3,3,3,1,2,2,2,4,4,3,2,4,2,3,4,3,2,2,1,4,4,1,3,2,4,3,3,3,3,3,5,4,2,0,0,3,2,2,0,1,3
SIDM00729,5,5,3,5,3,4,4,2,4,2,5,5,4,2,4,2,3,5,2,2,3,6,3,4,5,6,4,3,3,2,2,5,6,4,0,0,0,4,4,0,4,4
SIDM00730,3,2,2,3,3,3,3,4,2,3,2,2,2,3,2,3,3,2,2,3,2,3,2,3,3,2,3,2,2,3,3,3,2,3,0,0,3,3,4,0,3,3
SIDM00731,2,1,1,1,2,2,2,4,2,2,2,1,4,3,1,1,2,1,1,2,1,3,1,1,2,2,2,1,2,2,2,2,2,2,2,0,0,2,2,2,2,1
SIDM00732,3,3,3,4,3,2,4,3,2,3,2,3,3,2,2,3,4,3,2,1,5,3,2,3,5,3,4,2,3,2,2,4,3,4,2,0,0,3,3,3,9,4
SIDM00733,3,2,1,2,3,4,2,1,1,2,1,2,2,2,1,2,2,1,2,2,1,2,1,2,2,2,3,2,2,3,3,2,2,2,1,0,0,2,1,0,3,1
SIDM00734,4,4,3,5,2,2,3,2,4,3,4,2,2,3,2,3,2,2,2,2,2,4,2,3,4,3,3,4,2,3,3,6,3,3,0,0,0,2,2,0,3,4
SIDM00735,2,1,1,2,2,2,2,1,3,2,2,2,2,2,2,2,6,2,2,2,2,2,2,2,2,2,5,1,1,2,2,2,2,3,0,0,2,2,2,0,3,2
SIDM00737,2,3,2,4,3,3,2,3,3,4,2,2,3,2,2,2,4,2,2,2,2,2,4,3,3,4,3,3,2,14,3,4,3,2,0,0,4,3,3,0,3,2
SIDM00738,3,4,4,4,5,3,3,1,3,4,3,2,4,3,3,6,3,3,1,3,2,2,3,3,3,4,3,3,2,3,3,4,3,4,0,0,0,3,3,0,5,3
SIDM00739,5,2,3,2,4,3,3,2,4,3,2,3,5,2,2,2,2,2,2,2,2,2,2,3,3,4,3,2,2,4,2,4,2,3,0,0,0,3,3,0,4,2
SIDM00740,6,2,2,3,2,1,3,1,2,2,2,3,4,3,7,3,3,2,2,3,1,2,2,2,2,4,2,2,2,3,3,1,2,3,0,0,0,2,1,0,2,2
SIDM00741,4,2,3,3,2,2,2,2,2,3,1,2,4,2,2,2,2,2,3,2,1,3,2,3,2,3,3,2,2,4,5,4,2,2,0,0,8,2,2,0,7,2
SIDM00742,5,3,3,2,3,2,3,2,2,3,4,1,2,2,7,10,4,3,4,3,2,3,2,12,4,4,3,4,3,3,3,3,2,3,0,0,0,4,2,0,3,0
SIDM00743,3,3,3,0,7,3,3,3,4,3,2,2,2,5,3,2,3,3,2,2,2,3,4,4,3,3,3,2,2,4,2,4,3,3,0,0,0,3,3,0,2,1
SIDM00744,7,3,6,5,3,4,5,1,5,3,5,2,2,4,2,3,2,1,3,1,3,4,2,3,4,4,5,2,5,3,3,5,3,2,0,0,0,2,0,2,3,0
SIDM00745,4,4,2,2,2,2,1,2,2,2,2,2,2,2,2,2,2,1,2,2,2,2,1,2,2,3,2,2,2,2,2,1,2,2,0,0,2,0,1,0,2,2
SIDM00746,3,2,2,3,2,2,2,1,4,3,3,2,3,3,2,2,1,2,2,1,2,4,2,3,3,3,4,3,2,3,3,2,2,2,0,2,2,3,2,0,2,2
SIDM00747,3,3,2,3,3,2,2,1,4,4,4,1,4,2,2,3,3,1,2,2,3,3,0,3,3,4,3,3,2,5,5,6,3,2,0,0,0,3,2,0,3,2
SIDM00748,3,4,4,4,4,4,4,2,4,4,4,4,2,4,2,2,4,2,2,3,2,4,2,4,4,3,4,4,3,4,4,4,2,4,0,0,4,4,3,0,4,2
SIDM00749,1,2,1,2,4,1,1,1,2,5,3,1,2,2,2,2,2,1,2,1,2,2,2,2,3,10,2,2,1,3,3,2,1,1,0,0,0,2,1,0,1,2
SIDM00750,4,4,2,2,3,3,2,2,3,1,3,3,3,3,2,3,3,3,2,2,3,2,3,2,3,8,2,3,2,3,3,4,2,3,0,0,0,4,3,0,3,2
SIDM00751,4,3,3,2,5,4,5,2,5,2,4,3,3,3,3,4,3,2,3,3,4,5,2,7,3,6,5,3,5,4,4,4,3,1,4,3,4,2,4,3,5,3
SIDM00753,3,2,2,3,2,2,2,1,4,3,2,3,3,2,3,2,3,1,2,2,2,3,2,3,2,3,2,2,2,3,3,3,3,2,0,0,3,2,2,0,6,3
SIDM00754,6,2,2,4,3,2,3,2,2,3,2,3,3,4,2,2,2,2,2,2,1,2,2,3,2,3,13,2,2,3,3,4,3,3,0,0,4,2,2,0,3,2
SIDM00755,4,4,3,3,2,3,3,3,4,3,3,3,4,2,3,3,3,2,3,2,4,4,3,3,3,4,4,3,2,4,4,3,4,2,0,0,3,3,3,0,2,3
SIDM00756,10,5,4,4,3,4,4,3,7,8,4,4,6,4,4,6,4,4,4,3,5,5,4,6,4,5,5,4,2,4,4,7,8,4,0,0,0,4,4,0,12,4
SIDM00758,9,4,2,3,5,4,3,2,7,11,2,4,4,4,5,3,5,9,2,5,5,4,3,4,5,5,5,4,3,4,4,5,4,3,0,0,6,4,0,0,3,5
SIDM00759,4,3,3,2,4,3,3,1,2,4,3,2,2,2,2,3,2,2,4,2,4,4,2,3,6,5,4,2,2,4,4,5,3,3,0,0,9,3,3,0,9,4
SIDM00760,2,2,2,3,2,2,2,2,2,2,2,2,2,1,2,2,12,2,2,4,1,2,1,2,2,2,2,2,2,2,2,3,2,2,1,0,3,2,2,0,2,2
SIDM00761,5,2,4,3,3,2,3,2,3,3,1,2,1,2,2,2,3,1,2,2,1,4,3,2,2,3,3,2,3,2,2,3,2,3,1,0,3,2,2,0,2,2
SIDM00762,4,2,2,3,2,2,2,2,4,2,2,2,3,2,2,2,2,2,2,2,2,2,2,2,2,2,2,2,2,2,2,3,2,2,0,0,3,2,2,0,2,2
SIDM00763,4,2,2,2,1,3,0,1,2,2,3,2,3,2,1,3,2,1,2,1,2,2,2,1,3,2,3,2,2,2,2,2,2,2,0,0,3,2,3,0,6,2
SIDM00766,3,3,2,2,2,2,3,4,3,2,2,4,3,2,2,2,4,2,2,3,2,3,3,2,2,2,2,2,2,2,2,4,2,3,0,0,0,2,2,0,2,2
SIDM00767,4,2,2,2,2,4,3,3,4,4,3,3,3,2,4,2,3,4,2,2,2,3,2,3,3,3,4,3,3,4,5,0,2,3,0,0,10,3,4,0,4,4
SIDM00768,12,3,5,0,2,2,5,3,2,5,4,2,5,3,3,5,4,2,3,3,4,4,3,5,5,4,4,5,3,3,3,6,3,5,0,0,6,5,2,0,2,5
SIDM00769,6,2,3,3,3,2,2,2,3,3,3,2,3,3,5,3,2,2,5,2,3,3,3,3,3,4,4,4,2,2,2,3,2,5,0,0,5,0,2,0,4,2
SIDM00770,5,2,3,3,4,2,4,5,4,3,4,4,3,4,7,4,4,2,3,3,6,4,4,3,4,3,4,2,3,3,3,3,2,4,0,0,3,3,3,0,4,3
SIDM00771,3,3,3,1,1,2,2,2,2,3,2,2,2,4,2,2,2,1,1,3,1,2,2,2,2,4,4,3,2,2,2,3,2,2,0,0,0,5,0,0,2,2
SIDM00772,5,2,4,7,4,4,4,4,7,5,4,4,4,4,4,4,4,4,2,4,4,4,2,2,4,4,4,4,3,3,3,7,4,4,0,0,0,4,4,0,4,1
SIDM00774,4,2,4,5,3,2,2,4,5,3,3,2,2,2,2,3,3,2,2,2,3,3,2,3,3,2,4,4,2,3,3,5,3,1,0,0,0,3,2,0,3,3
SIDM00776,3,2,3,3,4,3,3,2,2,2,3,2,3,3,2,2,2,5,2,1,3,3,4,2,4,4,2,2,2,2,2,3,3,3,0,0,0,3,3,0,4,2
SIDM00777,5,4,4,0,6,4,5,4,4,6,4,3,4,4,3,4,3,2,3,4,4,8,8,6,4,6,4,4,5,5,5,1,4,5,0,0,5,4,4,0,6,3
SIDM00778,4,3,3,4,2,4,3,2,3,2,4,3,3,1,2,2,2,3,2,1,2,4,1,4,4,6,2,2,3,3,3,4,4,2,0,0,0,0,4,0,7,4
SIDM00779,4,4,4,3,3,3,2,1,2,4,2,2,3,2,3,2,3,2,2,2,2,3,4,2,2,5,4,3,2,4,4,3,2,3,0,0,3,1,3,0,2,3
SIDM00781,2,2,2,2,2,2,2,1,2,2,3,3,2,2,2,2,2,3,2,1,2,2,2,2,2,2,2,2,1,2,2,1,2,2,0,0,4,2,2,0,2,0
SIDM00782,2,3,3,2,4,4,3,1,2,3,3,4,5,2,2,2,3,3,2,1,3,4,2,2,3,4,3,3,2,3,3,3,2,3,0,0,0,3,4,0,3,0
SIDM00783,2,2,2,2,2,2,2,2,3,2,2,2,2,2,2,2,2,1,2,2,2,2,2,2,2,2,2,2,1,2,2,2,2,2,0,0,2,2,2,0,2,3
SIDM00785,2,2,2,2,2,2,2,2,4,2,3,2,3,2,2,2,2,1,1,2,2,2,2,2,2,2,2,2,2,2,2,2,2,2,1,2,2,3,2,0,2,2
SIDM00789,2,2,2,2,2,2,2,2,2,2,2,2,2,2,2,2,2,1,2,2,2,2,2,2,2,2,2,2,2,2,2,2,2,2,0,0,0,2,2,1,2,2
SIDM00791,4,3,3,3,2,3,4,2,3,5,3,4,3,4,3,9,4,2,2,2,2,3,2,3,3,3,2,3,0,3,3,3,2,4,0,0,3,3,3,0,2,3
SIDM00792,6,2,3,3,4,3,4,4,5,2,3,2,3,6,3,2,3,1,3,4,2,4,3,3,3,3,4,3,3,2,2,5,2,3,0,0,0,3,3,0,8,2
SIDM00793,2,2,2,2,2,2,2,2,2,2,3,2,2,2,2,2,2,1,2,2,2,2,2,2,2,2,2,2,2,2,2,2,2,2,0,2,2,2,2,0,2,2
SIDM00794,4,2,2,2,3,2,2,1,3,2,2,2,2,2,2,2,2,1,2,1,1,4,2,2,2,6,2,2,2,2,2,2,2,2,0,0,2,2,2,0,3,2
SIDM00795,3,3,2,2,3,3,2,4,3,3,3,2,3,2,3,2,3,2,3,2,3,2,3,3,3,3,2,3,2,3,3,4,3,2,0,0,4,3,2,0,3,2
SIDM00796,6,2,4,0,4,7,2,2,2,4,2,3,2,3,2,3,3,2,3,1,2,5,3,3,14,4,3,2,3,3,3,3,4,2,0,0,3,3,2,0,4,2
SIDM00797,3,2,2,3,2,2,3,2,3,3,2,2,2,2,2,2,2,1,2,2,2,2,3,2,2,3,2,2,2,2,2,2,2,3,0,2,3,2,2,0,2,2
SIDM00798,2,2,2,2,2,2,2,2,2,2,2,2,2,2,2,2,2,2,2,2,2,2,2,2,2,2,2,2,1,2,2,2,2,1,0,0,2,2,2,0,4,2
SIDM00799,4,4,4,5,4,4,3,3,3,4,2,3,3,4,3,2,3,3,4,2,4,5,3,4,4,5,2,3,4,4,4,5,4,4,2,0,5,4,4,2,11,2
SIDM00801,3,2,2,3,2,2,3,2,2,5,2,2,3,2,3,6,3,2,2,2,3,3,3,2,2,4,2,2,2,3,3,0,2,3,0,0,0,2,2,0,2,3
SIDM00803,2,2,2,3,2,2,2,2,3,2,1,2,2,2,2,2,2,2,2,2,2,2,2,2,2,2,1,2,2,2,2,0,2,2,0,0,0,2,2,0,2,3
SIDM00806,4,2,2,2,2,3,3,2,2,2,6,2,2,3,2,2,2,1,3,1,2,2,2,2,5,3,2,3,2,2,2,4,4,3,0,0,9,2,2,0,3,2
SIDM00807,4,2,2,3,4,4,2,4,3,4,3,3,3,3,2,4,3,2,2,3,3,2,2,4,4,4,3,3,2,3,3,3,4,2,0,0,0,4,4,0,4,2
SIDM00808,2,2,2,3,2,2,2,3,2,2,2,2,2,2,2,2,2,1,2,2,2,2,2,2,2,2,2,2,2,2,2,2,2,2,0,0,2,2,2,0,2,2
SIDM00809,2,2,2,2,2,2,2,2,2,2,2,2,2,2,2,2,2,1,2,2,2,2,2,2,2,2,2,2,2,2,2,2,2,2,1,0,2,2,2,0,2,2
SIDM00810,5,3,3,2,3,3,3,2,3,3,2,3,5,4,3,2,3,2,3,4,2,6,2,4,4,4,3,2,2,5,5,4,2,3,0,0,0,4,4,0,8,3
SIDM00812,4,3,3,3,6,4,3,3,2,5,4,3,3,3,2,4,2,3,2,2,4,4,2,3,4,4,3,3,3,4,4,3,3,2,0,0,3,4,4,0,7,4
SIDM00813,2,2,2,2,2,2,2,2,2,2,2,2,2,2,2,2,2,1,2,2,2,2,2,2,2,2,2,2,2,2,2,2,2,2,0,1,2,2,2,0,2,3
SIDM00814,3,3,3,0,4,3,3,3,3,4,4,4,3,2,3,2,3,4,2,2,2,5,2,3,4,3,2,3,2,4,4,3,2,3,0,0,6,4,3,0,4,0
SIDM00815,4,2,3,0,3,2,2,2,4,4,5,3,3,6,2,4,3,3,2,2,4,6,2,2,4,4,3,4,3,4,4,4,3,4,0,0,0,4,2,0,3,2
SIDM00816,3,2,2,2,2,2,2,2,2,2,1,2,2,2,1,1,2,1,1,2,1,2,2,2,2,2,1,2,2,2,2,1,1,2,1,2,2,0,2,1,2,1
SIDM00817,4,3,4,4,4,4,4,2,3,5,4,2,4,2,2,3,2,2,4,2,4,4,3,4,4,4,2,2,3,3,3,4,2,4,0,0,8,4,4,0,4,4
SIDM00818,2,2,2,2,2,2,2,2,2,2,2,2,2,2,2,2,2,2,2,2,2,2,2,2,2,2,1,2,1,2,2,2,2,2,0,0,2,2,2,0,2,2
SIDM00819,3,3,2,2,2,2,2,1,2,4,2,2,2,2,2,2,2,1,2,2,1,2,2,2,2,4,2,2,3,2,2,2,2,2,0,0,2,2,2,0,2,2
SIDM00820,3,2,2,2,2,2,2,2,2,3,2,2,2,1,2,2,2,1,1,2,1,2,2,2,2,3,2,2,3,3,3,2,2,0,1,0,0,0,2,0,2,2
SIDM00821,2,2,2,3,2,2,2,1,2,2,1,2,2,2,1,1,1,1,2,2,1,2,2,2,2,2,2,1,2,2,2,3,2,2,0,1,0,2,1,0,2,1
SIDM00826,4,3,2,4,5,3,3,3,3,3,3,2,3,2,3,3,3,2,3,2,2,4,7,4,3,3,3,4,0,3,3,4,3,3,0,5,4,3,3,2,5,5
SIDM00828,3,2,2,2,2,2,2,2,2,2,2,2,2,2,2,2,2,1,2,2,2,3,2,2,2,2,2,2,2,2,2,3,2,2,0,1,2,2,2,1,2,2
SIDM00829,2,2,2,2,2,2,2,1,2,2,2,2,2,3,2,2,2,1,1,3,2,2,2,2,2,2,2,2,1,2,2,2,2,2,0,0,2,2,2,1,2,2
SIDM00831,5,3,2,3,2,12,3,2,3,6,2,2,4,2,4,5,2,2,2,2,2,4,5,3,6,3,4,3,3,2,2,3,3,3,0,0,0,4,2,0,2,5
SIDM00832,3,2,2,3,4,3,3,2,3,4,3,3,3,2,2,2,2,3,3,2,3,3,5,3,3,4,2,3,3,4,4,3,4,2,0,0,3,3,3,0,3,2
SIDM00833,2,2,2,2,1,2,2,2,2,2,3,2,2,1,2,3,2,5,1,1,2,2,1,2,2,2,2,2,1,2,2,2,2,2,0,0,4,2,0,0,4,3
SIDM00834,4,3,3,3,5,4,3,3,6,4,4,3,4,4,2,2,3,3,2,2,4,4,5,3,4,4,3,2,3,4,4,3,3,2,0,0,3,0,4,0,4,2
SIDM00835,4,2,2,2,2,3,0,2,3,3,3,3,3,2,2,2,2,2,2,1,2,3,5,3,3,4,3,3,2,3,3,2,1,2,1,0,2,3,3,0,4,2
SIDM00837,2,2,2,2,2,2,2,2,2,3,2,2,2,2,2,2,2,2,2,2,2,2,2,2,2,3,3,2,2,2,2,2,2,2,0,0,2,2,2,0,2,2
SIDM00839,3,2,2,2,2,2,2,2,2,3,2,2,3,2,2,2,2,1,2,2,2,2,2,2,2,3,2,3,2,2,2,1,2,2,0,0,2,0,2,1,2,0
SIDM00841,3,4,2,2,3,3,2,2,2,3,3,1,5,2,2,2,2,2,2,1,2,2,2,2,3,3,2,2,0,2,2,2,2,2,0,0,2,0,3,0,4,2
SIDM00842,2,3,3,2,3,2,0,2,2,2,2,2,3,2,2,2,2,2,2,2,2,3,4,3,2,2,2,2,2,3,4,3,3,14,0,0,0,2,4,0,3,2
SIDM00844,2,2,2,2,2,2,2,2,3,2,2,2,2,2,2,2,2,1,2,2,2,2,2,2,2,2,2,2,3,2,2,2,2,2,0,2,4,2,2,0,2,3
SIDM00845,4,4,4,4,4,4,4,4,4,4,4,4,4,4,4,4,4,2,4,4,4,4,4,4,4,4,4,4,4,4,4,4,4,4,0,3,4,4,4,0,4,4
SIDM00846,8,3,3,4,2,4,3,6,3,4,2,3,4,3,3,3,4,2,4,3,3,3,3,4,4,4,3,4,3,3,3,4,4,1,0,0,4,3,4,0,2,3
SIDM00847,2,2,2,2,2,2,2,1,2,3,2,3,2,2,2,2,3,1,2,2,1,2,2,2,2,3,2,2,1,3,3,3,2,1,0,0,3,0,2,0,2,2
SIDM00848,2,2,2,2,2,3,2,1,2,2,2,2,2,2,1,2,2,2,2,2,2,2,2,1,3,2,2,2,2,2,2,3,2,2,0,0,2,2,2,0,2,1
SIDM00849,2,1,2,2,2,2,2,1,2,3,2,1,3,2,2,2,2,1,2,2,2,2,2,2,2,3,1,2,2,2,2,2,1,2,0,0,2,2,2,0,2,2
SIDM00850,2,2,2,3,3,2,2,2,2,2,2,2,2,3,2,2,2,2,2,1,2,2,3,2,2,2,3,2,1,2,2,3,2,3,0,0,6,2,2,0,3,2
SIDM00852,4,3,2,3,3,4,3,3,3,4,3,2,3,3,3,2,4,2,3,3,2,4,2,3,3,6,3,3,3,2,2,3,3,3,0,0,0,3,4,0,3,3
SIDM00853,4,3,4,3,3,4,4,2,3,2,4,4,3,2,2,3,3,2,4,1,3,3,3,3,4,3,3,3,2,3,3,3,3,4,0,0,3,4,0,0,3,2
SIDM00854,4,5,4,5,4,4,4,4,4,4,4,4,4,4,4,4,4,3,4,4,4,4,4,4,4,4,4,4,4,4,4,6,4,4,2,0,0,4,4,0,5,4
SIDM00855,2,2,2,2,2,2,2,2,2,2,2,2,2,2,2,2,2,2,2,2,2,2,2,2,2,2,2,2,1,3,3,3,2,2,0,0,0,2,2,0,2,2
SIDM00856,2,2,2,2,2,2,2,2,2,2,2,2,2,2,2,2,2,1,2,2,2,2,2,2,2,2,2,2,2,2,2,2,2,2,2,0,2,2,2,0,4,2
SIDM00857,4,3,2,5,4,4,3,2,4,6,2,2,3,4,2,3,3,2,2,4,4,4,3,4,3,5,2,4,2,4,4,5,4,3,0,0,5,3,0,0,4,5
SIDM00858,2,2,2,1,3,2,0,1,3,2,2,1,3,3,3,2,3,2,6,3,2,3,2,2,3,3,2,3,1,2,3,3,3,1,0,0,6,3,2,0,3,2
SIDM00859,2,2,2,2,2,2,2,2,2,2,2,2,2,2,2,2,2,2,2,2,2,2,2,2,2,2,2,2,2,2,2,2,2,2,0,0,0,2,2,0,6,2
SIDM00860,5,4,2,0,2,2,3,6,4,3,3,3,4,3,2,2,4,1,3,1,1,5,3,3,9,4,4,4,3,2,2,3,2,3,0,0,6,3,2,0,2,3
SIDM00861,4,3,4,3,3,3,3,3,4,3,3,4,4,6,2,2,3,2,3,2,3,3,2,3,14,3,3,3,3,3,3,2,2,3,0,0,3,3,3,0,7,2
SIDM00863,5,3,3,4,4,4,4,5,3,4,3,3,3,3,3,4,4,4,4,3,4,4,3,4,4,4,4,3,3,4,4,4,3,3,0,0,4,4,4,0,4,3
SIDM00864,4,4,4,0,4,5,3,5,2,3,2,2,2,5,4,3,3,3,2,2,2,5,2,3,3,4,5,2,2,4,4,2,4,3,0,0,3,2,2,0,3,5
SIDM00865,3,3,4,3,2,6,4,2,4,3,2,2,3,3,2,2,4,1,1,3,7,3,2,3,12,4,2,4,3,3,3,3,2,4,0,0,5,4,2,0,3,2
SIDM00866,5,3,4,5,5,3,2,1,5,2,2,4,3,6,4,4,3,5,4,3,4,4,3,4,3,6,3,4,3,3,3,3,3,3,0,0,0,0,2,0,10,2
SIDM00867,4,3,4,3,6,4,3,3,3,5,4,3,4,3,4,4,3,4,4,3,4,4,4,4,4,5,3,5,3,3,3,3,5,3,0,0,3,4,4,0,6,3
SIDM00870,3,3,3,5,3,3,4,4,3,5,2,1,2,4,3,2,3,3,2,2,3,4,2,11,3,4,3,2,2,4,4,4,3,2,0,0,0,2,3,0,3,3
SIDM00872,6,6,3,6,2,4,4,13,7,5,3,4,2,4,4,9,4,3,3,3,4,5,3,14,3,4,6,3,3,4,4,8,4,4,0,0,0,5,4,0,7,4
SIDM00874,7,5,5,4,4,4,4,4,5,4,5,3,5,4,4,4,4,2,4,2,4,6,4,4,5,5,4,4,0,4,4,3,4,3,0,0,3,0,3,0,6,3
SIDM00875,4,2,2,3,3,8,3,1,2,2,4,2,4,2,2,2,2,1,3,1,1,3,1,2,3,2,2,1,0,1,2,2,2,4,0,0,2,3,1,0,2,2
SIDM00877,2,3,3,5,2,3,3,3,5,3,3,4,3,5,3,3,3,4,2,3,3,5,3,4,3,3,2,4,0,2,2,4,3,2,0,0,6,3,3,0,2,0
SIDM00878,3,2,3,4,5,3,3,3,5,4,3,2,3,3,4,3,3,2,3,2,4,4,2,3,3,3,2,3,1,3,3,3,2,3,0,0,4,3,2,0,5,3
SIDM00879,1,2,2,3,2,2,2,1,2,2,1,2,3,1,2,2,2,1,1,4,1,3,1,1,2,2,2,2,2,1,1,2,2,1,0,0,0,2,2,0,1,3
SIDM00881,4,4,4,5,3,6,3,1,6,4,3,2,4,2,2,2,3,4,2,1,2,5,2,2,4,4,5,3,4,4,4,4,3,2,0,0,4,5,3,0,1,2
SIDM00882,6,3,3,4,4,4,4,2,4,3,2,4,4,3,4,4,3,2,7,2,4,4,4,2,5,4,4,3,3,5,5,4,3,4,0,0,4,0,3,0,4,4
SIDM00884,4,3,4,3,2,2,3,4,3,6,2,2,4,2,3,2,3,2,3,1,3,3,3,2,4,3,3,4,2,2,2,3,3,4,0,0,3,3,2,0,6,3
SIDM00885,3,2,3,4,4,3,4,3,3,4,3,2,3,4,2,2,4,2,2,2,2,2,3,2,4,4,2,4,2,2,2,6,3,4,0,0,0,3,3,0,10,2
SIDM00886,4,3,4,3,5,4,3,3,4,4,4,3,3,4,3,3,3,2,4,4,2,2,2,4,4,4,3,3,5,3,3,3,2,3,0,0,0,4,4,0,5,3
SIDM00887,4,3,3,4,4,4,6,2,4,7,4,3,5,2,2,4,5,2,5,3,3,5,3,3,4,8,6,4,3,5,5,2,5,6,0,0,4,0,0,0,4,2
SIDM00888,2,1,2,3,2,2,2,2,2,1,2,2,2,2,2,2,2,1,1,2,2,2,2,3,2,1,2,2,2,2,2,2,2,2,0,0,0,2,1,0,2,0
SIDM00889,2,2,2,2,2,2,2,1,2,3,2,2,2,2,2,2,2,2,3,3,2,2,2,2,2,2,2,2,2,2,2,5,2,2,0,0,2,2,2,0,2,2
SIDM00890,2,2,1,2,2,2,2,1,2,5,2,2,2,2,2,2,2,1,2,2,2,2,2,2,2,2,2,2,3,3,1,1,2,2,0,0,2,2,2,0,2,4
SIDM00892,4,4,4,6,6,3,4,3,7,5,3,2,5,2,4,6,3,3,2,3,3,5,4,4,3,5,6,3,4,3,3,4,4,4,0,0,0,3,3,0,6,4
SIDM00893,5,5,4,4,2,3,0,2,2,2,3,2,2,3,2,2,2,2,3,1,2,3,4,2,2,7,2,3,1,3,3,3,2,1,0,0,0,2,3,0,3,2
SIDM00895,2,2,2,1,2,2,2,2,3,3,2,2,2,2,2,2,2,1,2,2,2,2,2,2,2,3,2,2,2,2,2,2,2,2,0,0,0,2,2,0,2,0
SIDM00896,2,2,2,2,2,2,2,3,5,3,2,2,3,2,2,2,2,1,2,2,2,2,2,2,2,3,2,3,3,2,2,3,2,2,0,0,6,2,2,0,4,2
SIDM00898,1,2,3,4,5,4,3,3,4,7,4,4,3,3,4,3,3,2,3,3,3,4,3,14,4,5,5,3,3,4,4,5,3,2,0,0,5,4,4,0,5,3
SIDM00899,3,2,3,1,3,3,2,1,3,3,3,2,2,2,2,2,2,2,2,1,2,2,2,2,3,4,2,2,2,3,3,3,2,2,0,0,0,3,3,0,3,3
SIDM00900,3,2,2,2,2,2,2,2,2,2,2,2,2,2,2,2,2,2,1,2,2,2,2,2,2,2,2,2,2,2,2,2,2,2,0,0,0,2,2,0,2,2
SIDM00901,3,2,2,2,2,2,3,2,2,3,2,3,2,2,2,2,2,2,2,2,2,2,2,2,2,3,2,2,2,2,2,2,2,3,0,0,0,2,2,0,4,3
SIDM00903,3,3,3,3,4,3,2,3,3,3,2,2,3,2,2,2,2,2,4,2,3,2,2,4,3,3,3,4,2,4,4,3,3,1,0,0,0,3,3,0,4,2
SIDM00905,3,2,2,2,2,1,2,2,2,2,2,1,1,2,2,2,2,2,1,1,2,2,2,2,2,2,2,1,2,2,2,2,2,2,0,0,0,2,0,0,2,2
SIDM00907,4,5,4,4,4,4,4,4,4,5,4,4,4,4,4,4,4,3,4,4,4,4,4,4,4,4,4,4,3,4,4,6,4,4,0,0,0,4,4,0,4,1
SIDM00909,2,2,2,0,4,3,3,2,3,4,3,3,3,2,2,4,2,2,3,2,4,4,2,3,3,4,3,4,0,3,3,0,3,2,0,0,4,3,3,0,4,0
SIDM00910,2,3,2,3,2,1,2,2,2,2,2,2,2,2,2,2,1,1,2,2,2,2,2,4,2,2,2,2,2,2,14,3,2,2,0,0,3,2,1,0,4,2
SIDM00915,2,2,2,2,1,2,2,2,2,2,2,2,2,2,2,1,2,1,1,2,1,3,1,2,2,2,2,2,2,2,2,3,2,2,0,0,3,2,2,0,2,2
SIDM00917,2,2,2,2,2,2,2,2,2,2,2,2,2,2,2,2,2,1,2,2,2,3,2,2,2,2,2,2,3,2,2,2,2,2,0,0,2,2,2,0,2,5
SIDM00918,8,3,6,14,4,4,6,4,3,6,4,3,6,4,4,6,6,2,6,4,4,6,4,6,4,6,3,4,4,5,5,13,4,3,0,0,6,4,4,0,12,1
SIDM00919,4,2,4,4,4,2,4,2,5,4,2,2,2,4,4,7,5,2,2,2,4,6,2,2,4,4,2,4,2,3,3,4,2,2,0,0,4,4,2,0,4,4
SIDM00920,2,2,2,2,2,2,3,2,3,2,1,1,1,2,2,2,2,1,1,2,1,2,2,2,5,2,2,2,1,2,2,3,2,2,0,0,0,1,2,0,2,2
SIDM00921,3,3,3,2,2,3,2,2,3,3,2,2,5,2,2,2,2,1,4,2,3,3,2,2,3,2,3,3,0,3,3,1,3,2,0,0,0,3,3,0,2,2
SIDM00922,3,4,3,4,1,3,4,2,2,3,2,3,3,3,2,4,3,2,2,3,3,5,2,14,3,5,3,3,2,3,3,3,2,2,0,0,7,3,3,0,2,2
SIDM00923,6,4,3,2,4,5,4,4,3,4,2,2,3,3,2,4,3,2,3,2,2,3,3,4,4,6,4,2,3,3,3,2,4,4,0,0,0,4,3,0,4,4
SIDM00924,4,2,3,4,2,1,2,1,1,3,2,2,1,2,2,4,4,1,2,2,4,3,1,2,2,3,2,2,4,2,2,2,2,2,0,0,4,2,1,0,5,2
SIDM00925,4,3,2,3,2,2,3,1,4,5,3,2,3,2,3,2,4,2,3,2,3,4,2,3,4,2,3,2,2,3,3,3,2,3,0,1,0,3,2,0,1,3
SIDM00926,7,4,5,5,4,4,6,3,3,4,3,3,3,5,4,4,4,4,4,3,5,3,3,4,4,5,6,6,4,4,4,5,5,4,0,0,5,5,4,0,4,4
SIDM00927,4,2,2,2,4,2,3,2,2,2,3,2,3,3,4,2,6,2,3,4,2,3,2,3,4,4,4,2,2,3,3,3,3,1,0,0,0,0,2,0,4,3
SIDM00928,6,3,3,2,4,2,4,4,3,3,3,2,3,4,2,2,3,3,4,2,3,5,2,3,3,5,2,3,2,3,3,3,2,3,0,0,7,3,2,0,4,4
SIDM00929,4,3,3,1,3,4,4,1,3,4,3,3,4,4,5,4,5,8,4,3,4,5,3,3,3,3,2,4,3,3,4,3,4,4,0,0,3,5,2,2,3,4
SIDM00930,2,2,1,3,2,2,3,2,2,2,2,2,3,2,3,2,3,1,4,2,2,4,2,3,2,2,2,3,2,5,2,3,2,2,0,0,6,2,2,0,2,2
SIDM00931,3,3,3,2,4,3,3,3,3,2,2,2,2,2,2,2,2,2,3,2,4,4,2,2,3,2,3,4,2,3,3,2,3,3,0,0,5,3,3,0,8,2
SIDM00932,2,3,2,2,3,2,2,2,3,5,2,2,3,2,2,2,2,1,3,2,3,3,2,3,2,5,2,2,2,3,3,2,2,2,0,0,2,2,2,0,3,4
SIDM00933,2,2,2,2,2,2,2,2,2,2,2,2,2,2,2,2,2,2,2,2,2,2,2,2,2,2,2,2,1,2,2,2,2,2,0,0,2,2,2,0,2,2
SIDM00934,5,3,2,3,1,3,2,2,2,3,3,2,2,4,2,3,3,1,2,1,4,5,2,5,3,4,4,4,0,2,2,3,3,3,0,0,3,3,0,0,3,2
SIDM00935,3,3,2,2,4,3,2,2,4,3,2,2,3,3,3,3,3,2,3,2,2,4,2,3,7,2,3,3,2,2,2,3,2,2,0,0,0,3,3,0,3,0
SIDM00936,4,3,3,3,4,2,3,3,3,3,2,3,4,2,2,3,3,4,2,2,2,4,2,3,4,4,3,3,2,3,3,5,3,2,0,0,3,4,2,0,4,2
SIDM00937,2,2,1,2,2,6,2,2,2,2,1,2,2,3,1,2,2,1,2,1,2,3,2,2,3,4,2,2,2,2,2,2,3,2,0,0,0,2,2,0,3,1
SIDM00938,2,1,2,4,3,2,2,2,2,3,2,2,2,2,2,1,2,2,2,2,2,2,2,2,2,3,2,2,2,2,2,4,2,2,0,0,4,2,2,0,3,2
SIDM00939,5,3,3,2,3,2,2,2,3,2,3,2,2,3,2,6,2,2,2,2,2,3,2,2,3,3,4,3,2,3,3,3,2,3,0,0,0,2,2,0,4,0
SIDM00940,6,3,4,1,4,3,4,2,3,3,4,3,4,6,3,2,4,2,3,3,2,4,2,3,4,3,3,2,2,3,3,3,3,4,0,0,3,1,4,0,7,0
SIDM00941,4,4,3,5,2,3,0,3,5,5,2,3,4,4,3,2,3,2,3,2,3,4,4,4,3,4,2,3,2,3,3,5,3,3,0,0,10,3,3,0,2,5
SIDM00942,2,2,2,2,3,2,2,4,3,2,2,2,2,2,2,2,2,1,2,1,1,3,2,2,2,4,2,2,3,2,2,2,3,2,3,0,0,2,2,0,7,4
SIDM00943,4,4,4,4,4,2,2,2,4,4,5,2,4,2,4,2,4,2,2,2,3,3,4,3,4,4,4,4,0,3,3,4,3,2,0,0,4,4,6,0,4,4
SIDM00944,2,2,2,2,2,2,1,2,2,4,2,1,2,1,2,3,2,1,1,1,2,2,2,2,2,3,2,3,2,2,2,2,2,1,0,0,2,2,2,0,2,2
SIDM00945,2,2,2,2,2,2,2,2,2,2,2,3,2,3,2,2,2,1,2,1,2,2,2,2,2,2,2,2,2,2,2,2,2,0,0,0,0,1,2,0,2,2
SIDM00946,4,4,4,4,5,4,4,3,4,4,4,4,4,4,4,4,4,2,4,4,4,4,4,4,4,4,4,3,3,4,4,4,3,4,0,0,4,4,4,0,5,4
SIDM00947,2,2,1,2,2,2,2,1,2,3,2,1,2,2,2,2,2,2,2,2,2,2,2,2,2,3,1,2,1,2,2,2,3,2,0,0,2,2,2,0,2,0
SIDM00948,2,2,2,2,2,2,2,2,2,2,2,2,2,2,2,2,2,1,2,3,2,2,2,2,1,2,2,2,2,2,2,2,2,2,0,0,2,2,2,0,4,2
SIDM00949,5,3,3,6,4,2,5,3,3,4,3,3,3,2,3,3,3,2,3,2,3,3,3,3,3,4,4,3,3,4,4,3,3,5,1,0,0,3,2,0,4,3
SIDM00950,4,3,5,2,2,4,3,1,4,9,4,3,9,2,2,3,3,2,2,2,2,4,3,4,4,5,3,2,3,2,2,2,14,3,0,0,0,4,0,0,3,2
SIDM00951,2,2,2,2,2,2,2,2,2,2,2,3,2,2,2,2,2,1,2,2,2,2,2,2,2,2,2,2,1,2,2,2,2,2,0,2,0,2,2,0,2,2
SIDM00952,2,2,2,2,3,2,2,2,3,3,2,2,4,2,2,3,2,2,2,2,2,2,2,2,2,3,2,2,3,2,2,3,3,2,1,0,3,2,0,0,3,4
SIDM00953,2,2,2,2,3,2,4,2,14,2,2,2,2,2,2,2,2,1,2,2,1,3,2,3,2,2,2,3,2,2,2,2,2,3,0,0,0,2,2,0,3,2
SIDM00954,2,2,2,3,2,2,3,6,3,4,2,1,3,3,2,2,2,2,2,4,2,2,3,2,2,3,2,3,3,3,3,3,3,1,0,0,0,2,2,0,6,3
SIDM00955,3,2,3,4,4,4,3,3,4,4,4,3,4,3,3,4,4,4,5,3,4,4,4,3,4,4,5,5,4,3,3,4,3,3,1,1,4,4,4,1,4,4
SIDM00956,5,4,2,4,4,3,4,3,4,3,2,3,4,4,2,3,4,2,3,1,1,3,2,4,5,4,3,3,2,3,3,4,2,4,0,0,0,3,3,0,4,5
SIDM00957,3,2,3,3,2,1,3,2,2,3,4,1,3,2,2,3,2,2,2,1,2,3,3,4,4,3,2,3,2,2,2,3,2,3,0,0,0,1,2,0,2,2
SIDM00958,2,2,2,2,2,2,2,2,2,2,1,2,2,2,2,2,2,2,2,2,2,2,2,2,2,2,2,2,1,2,2,2,2,2,0,0,0,2,2,0,2,2
SIDM00959,5,4,3,5,4,3,4,2,4,3,5,4,4,3,4,4,5,2,4,3,1,3,5,4,5,3,3,5,4,4,4,4,2,2,0,0,0,3,4,2,14,0
SIDM00960,2,2,2,2,2,2,2,2,2,2,2,2,3,2,2,2,2,2,2,2,2,2,3,2,2,2,2,2,2,2,2,2,2,2,0,0,2,2,0,0,2,2
SIDM00961,2,2,2,2,2,2,2,2,4,2,2,2,2,1,2,2,2,2,2,2,2,2,2,2,2,2,2,2,2,2,2,2,2,2,0,0,5,2,2,0,2,0
SIDM00962,2,2,2,2,2,2,2,2,5,2,2,2,2,2,2,3,2,1,2,2,2,2,2,2,2,2,2,2,2,2,2,2,1,2,0,0,0,2,2,0,2,2
SIDM00963,4,3,3,4,3,3,3,1,3,3,2,2,3,4,2,2,2,1,2,3,3,3,2,14,4,4,4,2,2,3,3,2,2,3,0,0,2,3,4,0,9,2
SIDM00964,4,5,1,3,4,4,4,4,3,3,4,4,3,3,2,3,3,2,3,3,2,4,3,3,4,3,4,4,4,3,3,2,4,3,2,0,0,4,4,0,4,2
SIDM00965,6,2,3,4,4,4,4,14,4,2,4,3,3,3,3,4,4,2,2,3,2,4,2,3,4,4,4,3,2,3,3,2,2,3,0,2,4,4,4,0,4,3
SIDM00966,4,2,2,3,4,2,3,3,3,3,3,2,3,2,2,2,4,1,2,2,2,6,2,2,3,3,2,2,2,3,3,3,3,3,0,0,3,3,2,0,4,2
SIDM00967,3,2,2,3,4,2,2,5,4,2,3,2,3,4,2,4,2,3,2,4,3,3,3,5,3,2,2,4,2,3,3,3,2,2,0,0,3,3,2,0,4,0
SIDM00968,4,3,4,4,3,4,3,3,6,2,4,4,5,4,3,3,4,2,4,2,3,6,4,4,4,4,4,3,3,4,4,3,5,3,0,0,0,4,4,0,3,3
SIDM00969,2,2,2,2,2,2,2,1,2,2,2,1,2,2,2,1,2,2,2,2,2,2,2,2,2,2,2,2,2,2,2,2,2,2,0,0,2,0,2,0,2,2
SIDM00970,4,3,4,4,4,3,3,3,5,4,2,3,4,3,3,3,4,2,2,3,4,4,4,4,3,4,4,4,4,3,3,6,3,3,2,3,4,3,3,0,4,0
SIDM00971,6,2,4,2,6,4,4,3,5,3,2,3,4,2,4,4,4,4,2,2,4,4,3,14,4,4,4,4,3,3,3,10,3,4,0,0,6,2,4,0,5,4
SIDM00973,2,2,2,3,2,2,2,2,2,4,2,2,2,2,2,2,2,1,2,2,2,2,2,2,2,4,2,2,3,2,2,3,2,2,0,0,3,2,2,0,2,2
SIDM00974,4,2,1,2,4,3,2,4,3,4,3,4,3,1,2,4,3,2,2,3,4,4,4,2,3,3,2,4,2,3,3,2,2,4,0,0,0,3,3,0,4,0
SIDM00975,3,3,2,5,4,4,3,3,4,6,3,3,4,2,3,4,3,2,2,2,3,2,4,4,3,6,2,3,3,3,3,2,3,4,0,0,0,0,4,0,4,3
SIDM00976,2,2,1,0,2,2,3,1,3,3,1,2,3,2,2,2,2,1,2,3,1,2,1,2,2,3,2,2,2,2,1,4,2,3,0,0,8,2,2,0,2,2
SIDM00980,2,2,2,2,3,2,2,2,2,2,2,2,2,2,2,2,2,1,2,2,2,2,2,2,2,2,2,2,2,2,2,3,2,2,0,0,0,2,2,0,5,2
SIDM00981,2,2,2,2,2,2,2,2,2,3,2,2,2,2,2,2,2,1,2,2,2,2,2,2,2,3,2,2,2,2,2,2,2,2,0,0,2,2,2,0,2,2
SIDM00982,7,4,4,3,6,3,3,2,5,3,4,3,4,4,6,4,5,2,3,4,4,3,2,3,5,5,6,4,3,3,3,3,3,4,0,0,3,5,3,0,5,4
SIDM00983,6,3,2,3,4,3,3,2,2,2,2,2,3,3,2,2,2,2,3,2,14,3,3,3,3,5,2,2,2,2,2,3,3,4,3,0,6,3,3,2,4,4
SIDM00984,2,2,2,2,2,2,2,2,2,2,2,2,3,2,2,2,2,1,2,2,2,2,2,2,2,2,2,2,2,2,2,2,3,2,0,0,0,2,2,0,2,2
SIDM00985,3,4,3,3,3,3,3,3,3,5,3,3,3,3,1,3,3,2,1,3,3,5,3,3,3,5,3,5,3,3,3,8,3,3,2,0,5,3,3,0,3,1
SIDM00986,5,3,2,2,5,4,0,4,4,3,3,2,3,2,3,4,3,2,2,1,2,3,2,3,5,3,4,3,3,3,3,3,4,3,0,0,3,4,4,0,5,0
SIDM00987,7,4,3,4,6,5,4,3,11,7,4,4,6,4,4,3,5,6,3,4,4,5,4,4,5,5,4,3,2,4,4,2,4,3,0,0,0,5,4,0,5,8
SIDM00988,4,3,4,3,4,2,3,5,6,5,2,3,3,2,2,3,3,2,4,3,3,4,3,4,3,5,2,3,3,3,3,4,4,2,0,0,3,2,2,0,7,1
SIDM00989,3,4,4,3,3,2,3,1,2,3,2,3,3,5,2,2,9,2,2,1,2,5,2,3,5,3,3,3,2,3,3,3,3,3,0,0,0,4,2,0,3,0
SIDM00990,6,5,3,2,5,4,0,2,2,4,4,3,14,2,4,3,3,2,3,5,2,3,6,3,4,6,3,4,4,5,5,7,2,4,0,0,5,4,5,0,5,4
SIDM00992,5,2,2,3,5,4,3,2,3,2,4,3,3,2,3,2,4,2,3,2,3,3,2,3,4,3,3,4,0,3,3,2,3,3,0,0,2,4,4,0,5,3
SIDM00993,5,4,4,3,4,3,3,3,4,4,5,3,6,4,3,3,3,2,4,4,4,4,4,4,3,4,2,4,2,10,5,2,3,3,0,0,13,3,3,0,4,0
SIDM00994,2,2,2,2,2,2,3,2,3,2,2,2,2,2,2,2,2,1,2,2,2,2,2,2,2,2,2,2,3,2,2,2,2,3,0,0,2,2,2,0,2,2
SIDM00995,3,4,4,4,4,4,3,4,4,3,2,3,3,3,3,5,4,3,2,3,2,5,2,3,4,9,3,3,2,3,3,4,3,2,0,0,4,4,4,0,4,3
SIDM00996,4,3,2,0,5,4,3,4,4,3,4,3,3,3,2,2,3,2,3,2,4,4,2,3,4,4,3,3,0,2,2,3,4,3,0,0,3,4,4,0,5,0
SIDM00997,3,3,3,2,5,4,3,4,3,2,4,2,4,4,3,4,3,3,3,4,4,3,2,3,4,5,4,4,2,3,3,2,4,3,0,0,2,4,4,0,5,0
SIDM00998,4,2,2,2,2,2,3,2,4,2,1,2,2,3,2,2,4,1,2,2,2,3,4,2,3,4,2,2,1,2,2,2,2,2,0,0,2,2,2,0,2,2
SIDM00999,4,2,3,2,4,2,3,2,3,2,3,2,2,3,2,3,2,2,3,3,3,3,2,2,3,4,3,2,2,3,3,2,2,2,0,0,0,3,2,0,4,4
SIDM01000,2,2,1,2,2,2,3,1,2,3,2,2,2,2,2,2,2,1,2,2,2,2,2,2,2,4,2,2,2,2,2,2,2,3,0,0,2,2,2,0,2,4
SIDM01001,4,4,4,7,3,4,3,4,4,5,4,3,3,3,3,3,4,4,4,3,4,4,4,4,4,4,4,4,4,4,4,5,4,3,0,0,14,2,3,0,3,3
SIDM01002,4,3,3,4,2,2,4,1,1,4,3,3,2,2,4,2,2,3,5,2,2,3,3,14,3,2,5,3,3,3,3,4,2,4,0,0,0,2,2,0,2,3
SIDM01003,2,2,2,2,2,2,2,2,3,2,2,2,2,2,2,2,2,1,2,2,2,2,2,2,2,2,2,2,4,2,2,3,2,2,0,0,0,2,2,0,2,2
SIDM01004,2,2,3,3,2,2,3,2,4,2,2,3,2,2,2,3,2,2,1,2,2,2,2,2,2,2,2,2,2,2,2,2,2,3,0,0,0,2,2,0,2,2
SIDM01005,2,2,3,2,2,2,2,1,2,2,2,2,2,2,4,2,2,1,1,2,2,2,1,2,2,2,2,2,1,2,2,2,2,2,0,0,4,2,2,0,3,0
SIDM01006,3,4,2,3,3,3,3,2,3,4,4,3,3,4,2,3,2,2,3,4,3,3,2,3,4,4,4,4,2,2,2,4,2,3,0,0,4,3,3,0,3,2
SIDM01007,4,4,4,4,4,3,5,3,4,4,4,5,4,4,4,4,4,3,4,4,3,3,4,4,4,4,4,4,3,3,3,4,3,5,0,0,4,4,3,0,4,4
SIDM01008,2,2,2,2,3,2,2,2,2,2,1,2,2,2,2,2,2,2,3,2,2,2,2,3,2,2,3,2,1,2,2,2,2,2,0,0,0,2,2,0,3,0
SIDM01009,2,2,2,3,2,2,2,2,2,3,1,2,2,1,2,3,2,1,2,1,2,3,2,2,2,3,2,2,1,14,3,3,1,2,0,0,0,2,1,0,2,2
SIDM01010,2,2,2,2,2,2,2,2,2,2,1,2,2,2,2,1,2,1,1,2,2,2,2,2,2,2,2,2,2,2,2,2,2,3,0,0,0,2,2,0,2,2
SIDM01011,2,2,2,2,3,2,2,3,2,2,2,2,2,2,2,2,2,3,2,1,2,2,2,2,2,2,1,2,2,3,3,2,2,2,0,0,2,2,2,0,3,2
SIDM01012,4,4,4,4,4,4,4,4,4,2,4,4,5,4,4,4,4,2,4,4,5,5,4,4,4,4,4,4,5,4,4,4,4,4,1,0,4,4,4,2,4,4
SIDM01013,2,2,2,2,2,2,2,2,2,2,2,2,2,2,2,2,2,2,2,2,2,3,2,2,2,2,2,2,2,2,2,2,2,2,0,0,0,2,2,0,2,2
SIDM01015,2,2,2,2,2,1,2,1,2,2,2,2,2,2,2,3,2,1,1,1,2,2,2,2,2,2,2,2,2,2,2,2,1,2,0,0,0,2,1,0,2,2
SIDM01017,2,2,1,0,3,2,2,2,2,3,2,2,3,2,2,2,2,2,1,2,2,2,3,2,2,3,2,2,1,2,2,2,2,2,0,0,2,0,2,0,6,1
SIDM01018,2,5,2,5,2,3,3,2,2,2,2,3,3,3,3,3,3,2,3,2,2,4,2,3,2,3,2,3,2,3,3,3,2,4,0,0,6,3,4,0,2,0
SIDM01019,4,4,4,5,4,4,4,4,4,3,4,4,4,3,4,3,4,4,2,3,3,4,4,6,4,3,2,3,2,3,3,5,2,2,0,0,5,0,4,0,4,1
SIDM01020,4,2,5,4,4,5,4,4,4,6,5,3,4,4,2,2,2,2,2,4,4,4,2,4,4,6,3,4,2,3,3,3,4,4,0,0,8,4,4,0,5,0
SIDM01021,4,4,3,4,4,4,3,4,4,6,4,3,3,3,4,4,4,2,4,3,4,4,3,4,4,4,4,4,9,3,3,4,4,2,0,0,9,4,3,2,4,4
SIDM01023,2,1,1,2,2,2,3,2,2,2,2,2,2,2,2,1,2,1,1,2,2,2,2,2,2,2,2,2,2,2,2,2,2,2,0,0,4,2,2,0,2,2
SIDM01024,3,0,3,2,3,4,2,4,2,2,3,2,3,11,2,3,4,2,3,1,2,10,2,2,3,3,2,2,2,2,2,1,3,1,0,0,3,0,2,0,4,2
SIDM01025,3,4,2,3,4,2,0,1,3,2,4,2,3,7,2,5,3,2,3,2,2,3,2,3,4,14,3,4,2,2,2,3,1,3,0,0,0,4,2,0,5,1
SIDM01026,6,4,2,5,3,6,4,3,3,3,2,5,4,10,3,4,4,2,4,2,3,4,3,4,11,3,4,5,3,4,4,3,4,4,0,0,0,4,2,0,7,3
SIDM01027,4,3,2,2,2,3,0,4,2,2,3,3,3,3,4,2,2,1,3,1,2,3,2,3,3,5,2,4,2,2,2,2,3,3,0,0,3,3,3,0,8,2
SIDM01028,4,4,4,4,5,4,0,3,4,5,3,3,5,5,3,8,4,2,4,3,4,6,4,14,10,4,4,4,2,4,4,4,4,3,0,0,4,3,3,0,4,3
SIDM01029,4,3,3,2,3,3,3,2,4,2,2,3,4,3,2,2,4,2,3,2,1,6,3,3,3,4,2,3,3,3,3,3,4,3,2,0,0,3,2,1,3,2
SIDM01030,4,4,2,3,2,3,3,2,3,2,2,2,3,3,2,2,3,1,2,1,2,6,2,3,8,5,4,3,2,3,3,3,2,3,0,0,0,0,2,0,2,0
SIDM01031,3,4,3,3,3,4,5,2,3,3,4,3,3,3,2,3,3,2,4,2,2,3,3,3,5,4,3,3,3,2,2,3,3,2,0,0,4,3,3,0,3,2
SIDM01032,3,3,4,4,2,2,3,4,2,3,2,3,3,2,3,3,3,2,3,2,2,4,3,3,8,5,6,4,2,3,4,2,2,3,0,0,2,3,2,0,2,2
SIDM01033,4,5,3,4,4,3,3,4,3,3,2,3,4,2,3,3,3,2,3,3,3,3,3,3,12,2,3,4,2,3,3,4,4,3,0,0,0,2,3,0,2,0
SIDM01034,2,2,2,2,2,2,2,2,2,2,2,2,2,2,2,2,2,2,2,2,2,2,2,2,2,2,2,2,2,2,2,2,2,2,0,0,2,2,2,0,2,0
SIDM01036,4,3,2,2,3,2,4,2,5,2,3,2,2,4,3,3,3,2,3,4,3,3,2,3,3,3,2,2,2,3,3,3,2,3,0,0,0,3,2,0,3,3
SIDM01037,2,2,3,3,2,5,3,2,3,2,3,2,3,3,2,2,2,2,2,1,3,4,3,12,3,3,2,2,2,3,4,2,2,2,0,0,0,3,1,0,3,2
SIDM01038,5,5,5,5,5,5,4,3,3,3,3,3,5,5,5,6,3,4,2,5,4,4,5,3,5,5,4,5,5,5,5,5,5,4,1,1,1,5,5,1,5,1
SIDM01039,4,4,2,2,4,2,3,3,2,3,3,3,6,3,3,2,3,3,3,3,4,4,2,3,3,4,3,3,3,3,3,3,3,3,1,2,3,3,2,0,4,3
SIDM01040,4,3,3,3,4,3,3,3,2,3,3,4,5,4,2,2,2,3,2,2,3,4,3,4,4,2,2,3,2,2,2,4,2,3,0,0,0,0,5,0,4,0
SIDM01041,3,2,2,2,1,2,2,2,2,2,2,2,2,2,1,4,2,1,1,2,2,2,2,2,2,2,2,2,2,2,2,2,2,2,0,0,2,2,2,0,1,1
SIDM01042,6,3,2,3,2,4,4,2,3,6,3,3,3,3,2,4,2,3,2,2,4,3,2,3,4,2,2,2,2,2,2,3,3,5,0,0,0,0,3,0,6,3
SIDM01043,2,2,2,2,2,2,3,2,2,2,2,1,2,2,2,2,2,2,2,2,2,3,2,2,2,2,2,2,1,2,2,2,2,3,0,0,0,2,2,0,2,2
SIDM01044,4,3,2,4,3,3,4,3,6,2,2,2,4,4,2,4,7,2,3,1,3,3,2,3,12,3,4,3,0,2,2,3,4,4,0,0,3,4,3,0,4,0
SIDM01045,5,4,4,5,4,4,4,4,4,4,3,4,4,4,3,3,4,3,3,4,4,4,3,3,3,2,4,3,3,4,4,3,4,4,0,0,5,4,4,0,4,3
SIDM01047,4,3,4,3,4,3,6,2,4,3,3,6,3,3,4,5,3,1,2,3,4,4,4,6,3,3,2,4,3,3,3,3,3,6,0,0,0,3,3,0,4,4
SIDM01048,4,2,2,3,4,3,5,4,3,5,4,2,2,4,4,4,3,3,4,3,3,3,2,3,4,3,2,2,2,4,4,3,4,5,0,0,3,4,2,0,3,2
SIDM01049,2,2,2,2,2,2,2,2,2,2,2,2,2,2,2,2,2,1,2,2,2,2,2,2,2,2,2,2,2,2,2,2,2,2,0,0,2,2,2,0,5,2
SIDM01050,5,3,3,3,3,4,4,3,3,2,4,2,5,4,2,3,3,1,3,2,2,3,3,4,4,2,3,2,8,3,3,3,3,4,0,0,6,4,4,0,3,2
SIDM01051,2,2,2,2,3,2,2,1,2,2,2,2,2,2,2,2,2,2,2,2,2,2,2,2,2,2,2,3,2,2,2,2,3,2,0,0,0,2,2,1,3,2
SIDM01052,5,3,2,4,2,2,3,1,1,5,5,2,5,2,3,2,3,5,3,2,3,5,2,4,4,3,3,3,2,1,2,3,2,5,0,0,4,4,2,0,4,3
SIDM01055,4,2,2,2,4,3,3,2,3,4,3,3,3,3,3,2,3,4,2,2,2,5,4,3,3,5,2,3,2,3,3,2,3,3,0,0,2,3,3,0,4,2
SIDM01056,3,2,2,4,2,2,4,2,3,2,2,4,3,1,4,2,3,2,3,1,4,4,4,4,3,3,4,4,2,3,3,4,2,3,0,0,0,3,2,0,4,1
SIDM01057,2,1,2,2,2,2,2,2,3,2,3,2,2,2,2,2,2,2,2,2,2,2,3,2,3,2,2,2,2,2,2,0,2,2,0,0,0,2,2,0,4,2
SIDM01058,2,2,2,2,1,2,2,2,2,2,2,2,2,1,2,2,2,2,1,3,2,2,2,2,2,2,2,2,2,2,2,1,2,2,0,0,0,2,2,0,1,2
SIDM01059,3,4,3,3,3,3,4,2,4,5,3,4,3,4,3,4,4,2,2,2,4,4,3,3,3,4,3,3,0,3,3,3,3,3,0,0,0,3,3,0,7,3
SIDM01060,4,3,2,3,4,3,4,5,3,4,2,2,4,3,3,4,4,1,4,2,3,4,3,3,2,3,3,4,4,4,4,3,2,4,0,0,0,2,0,0,4,3
SIDM01061,7,3,2,3,2,3,4,3,4,3,2,3,2,2,1,5,3,2,3,2,3,4,3,4,3,6,3,2,2,4,4,3,3,1,0,0,0,3,3,0,6,0
SIDM01062,8,4,6,2,3,4,4,3,5,6,3,4,5,5,3,3,4,2,5,3,5,5,4,4,8,6,4,4,2,4,4,4,2,5,0,0,0,0,4,0,3,0
SIDM01063,2,3,2,2,3,2,2,2,2,3,2,3,2,1,2,2,3,2,2,2,2,3,2,2,2,2,2,2,3,2,2,3,3,2,0,0,0,2,2,2,3,1
SIDM01064,2,1,2,2,1,2,2,2,2,2,2,2,2,1,1,2,2,1,1,2,2,3,3,2,2,2,2,2,2,2,2,1,2,2,1,2,0,0,2,1,3,2
SIDM01066,2,2,1,2,2,1,1,1,2,3,1,1,2,1,1,2,2,1,1,1,2,2,2,2,1,2,1,2,2,2,2,2,2,2,0,0,2,2,1,0,5,3
SIDM01067,4,3,3,3,3,2,3,3,2,4,3,3,3,2,3,2,4,3,3,2,3,3,2,3,3,12,4,2,2,3,3,3,3,2,0,0,3,3,2,0,3,3
SIDM01068,4,3,4,5,4,3,3,4,5,4,5,4,4,3,4,3,4,2,4,4,3,4,3,6,6,4,4,4,4,4,4,5,3,3,0,0,0,3,3,2,4,3
SIDM01069,10,4,3,3,3,3,0,3,3,4,3,4,3,5,3,3,3,2,4,3,3,4,3,4,3,4,4,2,2,3,3,4,4,4,0,0,10,0,3,0,4,3
SIDM01070,4,3,2,4,3,4,4,3,3,4,5,3,3,4,4,3,4,3,2,3,3,4,3,3,6,4,3,3,4,4,4,3,3,4,1,1,1,4,4,1,3,1
SIDM01071,3,2,2,3,3,2,3,4,4,4,3,3,5,3,3,2,3,1,2,3,2,4,4,4,3,4,3,3,2,4,4,2,3,3,0,0,0,0,2,0,2,3
SIDM01072,2,2,2,2,1,2,2,1,2,2,2,2,2,1,1,2,2,1,1,1,1,1,1,1,2,2,3,2,1,2,2,2,2,2,0,0,0,2,2,0,1,1
SIDM01073,4,3,4,4,4,4,4,4,4,4,4,4,4,4,4,4,4,2,4,4,4,5,4,4,4,4,4,4,8,4,4,2,4,4,2,0,4,4,4,0,5,4
SIDM01074,3,2,2,3,4,3,4,2,5,2,2,2,2,2,3,2,3,3,3,3,5,4,2,3,3,3,4,4,3,3,3,3,3,4,2,0,0,3,0,0,5,3
SIDM01076,2,2,2,3,2,2,2,2,3,2,2,2,2,2,2,2,2,1,2,2,2,2,3,2,2,2,2,2,2,2,2,2,2,2,1,0,4,2,2,1,2,2
SIDM01077,4,2,3,3,4,3,4,4,5,4,4,3,4,4,4,4,3,2,3,3,4,3,3,4,4,4,3,4,3,3,3,3,3,1,0,0,0,4,3,2,4,5
SIDM01078,4,2,2,2,3,2,2,2,3,2,2,2,3,2,3,2,2,1,5,3,2,2,2,2,3,3,3,2,1,2,3,4,2,2,0,0,4,0,1,0,3,2
SIDM01079,2,2,2,3,3,2,3,2,4,4,2,1,2,2,2,3,2,1,2,2,3,3,2,2,2,2,2,2,1,3,3,3,2,3,0,0,0,2,0,0,6,2
SIDM01080,4,3,3,3,4,4,4,2,5,3,4,4,5,3,3,3,3,2,4,3,6,4,4,4,4,4,4,2,3,3,3,3,3,4,2,0,7,4,4,0,4,3
SIDM01081,7,3,2,4,3,3,3,2,4,2,2,3,4,2,3,3,3,4,6,2,2,4,4,3,5,5,3,3,3,3,3,2,2,3,0,0,0,3,3,0,3,3
SIDM01082,3,1,2,2,2,2,2,1,2,1,2,2,2,1,2,2,2,1,2,1,1,3,1,2,5,2,3,2,0,2,2,2,3,2,0,0,0,2,2,0,2,1
SIDM01083,4,3,3,3,5,4,3,2,4,3,3,3,3,3,3,3,3,2,4,2,5,4,3,3,8,6,4,3,4,3,3,3,4,2,3,1,1,3,4,2,5,3
SIDM01084,2,2,2,1,3,2,4,2,2,4,2,3,2,2,3,2,2,4,2,2,1,3,2,2,2,2,4,2,2,2,2,5,3,2,0,0,4,0,2,1,6,3
SIDM01085,4,3,3,4,4,4,4,3,4,4,4,2,5,4,3,4,4,2,3,4,4,4,3,4,4,4,5,6,4,4,4,4,3,2,0,0,9,6,4,0,4,0
SIDM01086,2,2,2,2,2,2,2,2,3,3,2,2,2,2,2,2,2,2,2,2,2,2,2,2,2,1,2,2,2,2,2,2,2,2,0,0,0,2,2,0,2,1
SIDM01087,2,3,3,2,4,2,3,2,3,3,3,3,2,2,2,2,3,1,2,2,3,3,2,2,3,4,2,3,2,3,3,0,2,3,0,0,3,2,2,0,4,2
SIDM01088,2,2,2,2,2,2,2,2,3,2,2,2,2,2,2,2,2,2,2,2,2,2,2,2,2,2,2,2,1,2,2,2,2,2,0,0,0,0,2,0,4,2
SIDM01089,2,2,2,2,2,2,2,2,2,3,3,2,3,1,2,2,2,1,1,2,2,2,2,2,3,3,2,2,2,2,2,2,2,2,1,0,2,2,2,0,2,2
SIDM01090,2,2,3,2,3,2,2,2,4,3,2,2,2,2,2,2,2,2,2,2,2,2,2,2,2,2,2,2,2,2,2,1,2,2,0,0,2,2,2,0,3,2
SIDM01092,2,2,2,2,2,2,2,2,2,1,3,2,2,2,2,2,2,1,2,2,4,3,2,2,2,2,2,2,3,2,2,1,2,2,2,0,5,2,2,0,2,2
SIDM01093,7,4,2,3,3,3,0,2,2,4,3,3,3,3,2,4,3,3,3,2,3,3,2,3,3,3,3,4,2,3,3,3,3,1,0,0,3,3,3,2,3,1
SIDM01095,3,3,4,4,6,4,4,4,4,6,3,6,5,4,6,5,6,3,10,3,4,4,6,5,4,6,5,5,3,7,5,4,5,3,0,0,4,7,5,0,5,5
SIDM01096,5,5,4,4,3,3,3,6,4,6,4,3,8,4,3,4,4,2,4,2,3,2,5,4,4,7,6,4,2,3,3,5,7,3,0,0,5,3,3,0,3,0
SIDM01097,2,1,2,1,2,1,2,2,2,3,1,2,2,1,2,2,2,1,1,1,2,2,1,2,1,2,2,2,1,2,2,2,2,2,0,0,2,1,1,0,2,2
SIDM01098,2,2,2,2,2,2,2,2,2,3,2,2,2,2,2,2,2,2,2,2,2,2,2,2,2,3,2,2,0,3,3,2,2,2,0,0,2,2,2,0,2,2
SIDM01099,2,2,2,0,2,2,2,2,2,2,2,2,3,2,2,2,2,1,2,2,2,2,3,2,2,2,2,3,3,2,2,2,2,2,0,0,5,2,2,0,2,2
SIDM01100,4,5,4,4,4,4,4,2,4,4,3,4,5,4,4,4,4,3,5,3,4,4,4,5,5,4,4,4,3,4,4,5,4,4,0,0,5,4,4,0,4,4
SIDM01101,2,2,2,3,2,2,2,1,2,2,1,1,2,2,2,2,2,1,1,2,2,2,2,2,2,2,2,2,1,2,2,3,2,2,0,0,0,2,0,0,2,2
SIDM01102,2,2,2,2,2,2,2,2,2,2,2,2,2,2,2,2,2,1,2,2,2,3,3,2,2,2,2,2,2,2,2,1,2,2,0,0,5,2,2,0,2,2
SIDM01103,4,3,2,3,2,3,2,4,2,2,2,3,2,3,3,2,4,3,2,3,2,3,2,3,4,4,3,3,2,2,2,3,2,2,0,0,3,3,2,0,2,0
SIDM01104,4,4,2,4,4,3,4,2,4,6,3,4,6,2,3,4,4,4,3,2,3,3,3,3,3,6,2,4,2,3,3,4,2,4,0,0,4,2,3,0,4,3
SIDM01105,4,2,2,4,7,4,0,2,4,7,4,3,4,3,4,4,4,2,3,3,4,4,4,3,4,8,3,5,3,4,4,4,3,3,0,0,10,4,4,0,7,4
SIDM01106,4,2,1,2,2,2,2,1,2,3,2,2,2,1,2,3,2,1,2,2,2,2,2,2,2,2,2,2,3,2,2,2,2,2,1,0,2,2,2,0,6,2
SIDM01107,6,4,3,0,2,5,4,2,4,4,4,2,4,3,3,4,3,2,3,3,3,4,3,5,4,4,3,4,4,3,3,3,2,4,0,0,3,0,4,0,2,0
SIDM01108,3,3,4,4,4,4,0,3,5,5,4,2,6,3,5,3,4,2,3,3,3,3,3,4,4,5,4,4,0,4,4,2,3,5,0,0,3,5,4,0,4,5
SIDM01109,2,2,2,1,3,2,2,2,2,3,3,2,2,2,2,2,2,2,1,2,2,3,2,2,2,3,2,2,2,2,2,0,2,2,0,0,3,3,2,0,8,4
SIDM01110,3,2,3,3,3,3,4,2,3,4,3,2,4,2,2,3,3,2,4,2,3,2,1,4,3,3,3,2,2,3,3,2,2,3,0,0,3,3,3,0,3,4
SIDM01111,2,2,2,3,2,2,2,1,3,3,2,2,3,2,2,2,3,2,2,2,2,2,2,1,2,3,2,2,2,2,2,0,3,1,0,0,7,2,2,0,2,2
SIDM01112,2,2,2,0,2,2,2,1,2,2,1,2,2,2,2,2,2,1,2,2,2,2,2,2,4,2,2,2,2,2,2,2,2,2,1,0,0,2,1,0,2,2
SIDM01113,3,2,2,2,2,2,2,2,2,2,2,2,2,2,2,2,2,2,2,2,2,2,1,2,2,2,2,2,2,2,2,2,3,2,0,0,2,2,2,0,2,2
SIDM01114,4,3,2,3,4,2,2,2,4,2,2,2,2,2,2,3,2,1,3,1,2,2,2,3,2,2,2,3,5,3,3,3,3,2,0,0,3,2,2,0,4,2
SIDM01116,4,2,2,2,11,2,2,2,3,4,3,2,4,1,2,4,3,1,2,2,3,4,2,3,3,4,3,2,14,3,3,3,3,2,0,0,5,2,2,0,3,4
SIDM01117,6,2,2,2,4,3,4,4,3,3,2,3,2,3,2,2,9,2,4,3,2,2,4,3,3,3,3,2,2,3,3,3,4,3,0,0,3,3,3,0,4,2
SIDM01118,5,2,2,4,4,3,3,4,3,4,5,3,4,4,3,2,4,2,2,4,2,6,3,3,3,4,3,3,3,3,3,4,2,3,1,0,0,3,3,0,4,3
SIDM01119,2,3,2,3,4,4,2,1,3,3,4,2,4,4,3,4,4,2,3,2,2,3,2,2,4,4,3,4,2,3,3,0,3,2,0,0,0,5,3,0,4,2
SIDM01120,3,2,2,3,2,2,3,2,2,3,2,2,2,2,2,2,2,1,1,2,1,3,1,2,2,3,2,2,2,14,2,2,3,3,0,0,2,2,2,0,2,2
SIDM01121,2,1,1,2,2,2,2,2,2,2,2,2,1,3,1,1,1,1,1,3,1,2,1,1,2,2,2,1,2,1,1,2,2,2,0,2,2,2,2,1,2,2
SIDM01122,7,2,2,4,3,2,4,3,3,4,4,1,8,6,8,3,3,3,3,2,2,2,3,4,3,5,14,1,3,3,4,0,2,4,0,0,0,3,2,0,3,0
SIDM01123,4,2,4,2,4,3,4,3,5,2,3,4,2,4,3,2,4,2,2,3,4,4,3,3,3,4,3,3,2,3,3,4,3,4,0,0,4,3,3,0,4,2
SIDM01124,7,5,5,4,6,4,0,3,3,5,6,3,8,4,4,6,5,3,5,3,5,2,4,6,6,7,5,5,0,6,6,2,4,2,0,0,9,5,4,0,2,4
SIDM01125,3,3,3,4,3,4,4,3,4,3,3,3,4,3,3,4,4,2,4,3,3,3,2,4,4,3,3,2,3,3,3,4,3,4,0,0,4,4,2,0,2,3
SIDM01126,7,4,3,4,5,4,0,3,6,4,4,4,2,3,4,2,4,2,5,4,3,4,2,5,4,4,4,2,0,4,4,4,4,5,0,0,4,4,2,0,4,6
SIDM01127,6,3,2,4,3,3,4,3,4,3,3,2,2,3,3,2,3,2,3,2,2,4,2,2,3,6,4,3,3,3,3,4,3,2,0,0,0,3,3,0,3,3
SIDM01128,3,2,2,2,4,4,3,5,4,4,6,3,3,2,3,2,5,2,2,3,2,3,4,3,4,3,3,3,2,2,4,5,2,2,0,0,0,2,4,0,5,3
SIDM01129,3,3,1,2,3,2,2,2,2,2,2,3,2,2,2,2,2,2,3,2,2,3,3,3,2,2,4,3,2,2,2,2,1,2,0,0,0,2,2,0,3,2
SIDM01130,2,6,4,5,2,5,4,5,6,4,5,5,4,4,4,4,9,3,3,4,4,7,4,4,4,5,4,4,3,5,5,5,4,4,0,0,0,6,0,0,4,4
SIDM01131,2,3,2,3,3,2,3,2,3,3,2,3,3,2,2,2,3,2,3,2,2,3,3,3,2,3,2,2,2,3,3,3,2,2,0,0,0,2,2,0,3,2
SIDM01132,4,3,3,4,4,4,4,3,5,4,4,4,4,4,4,3,3,3,4,4,3,3,3,4,4,4,2,4,3,4,4,4,3,4,0,0,9,4,4,0,4,4
SIDM01133,6,2,2,4,4,4,3,6,3,4,2,3,3,3,4,2,4,5,2,3,2,4,4,3,3,4,4,3,3,2,2,4,4,3,0,0,10,4,0,0,4,5
SIDM01134,3,2,3,3,2,3,3,3,2,4,3,3,3,3,2,2,3,1,1,2,2,2,1,2,3,4,2,2,4,3,3,3,2,2,0,0,9,3,2,0,2,0
SIDM01135,2,3,1,2,2,2,2,2,3,2,2,1,2,2,2,1,1,1,1,1,1,2,1,2,2,2,1,2,1,2,2,2,2,2,0,0,4,2,2,0,2,1
SIDM01136,2,2,2,2,1,3,2,3,5,2,4,2,4,3,2,4,2,1,2,1,3,3,2,3,4,2,7,3,2,3,3,4,3,2,0,0,4,4,3,0,1,2
SIDM01137,2,3,3,3,3,3,2,2,4,3,3,2,3,2,3,3,2,2,3,2,2,3,3,3,3,3,3,4,2,3,3,3,2,2,0,0,5,3,3,0,2,3
SIDM01138,4,2,3,3,2,4,4,3,3,4,4,2,4,4,3,5,4,2,2,2,3,5,4,4,4,4,4,3,3,3,3,3,3,4,0,0,0,4,2,0,2,3
SIDM01139,2,4,3,4,4,4,2,2,4,3,3,2,4,4,3,4,3,4,2,2,4,4,2,4,4,4,3,3,4,4,4,3,4,2,0,0,3,4,4,0,4,3
SIDM01140,2,2,2,2,2,2,2,2,2,2,2,3,2,2,2,2,2,2,2,2,2,2,2,2,2,2,2,2,1,2,2,2,2,2,0,0,4,2,2,0,2,2
SIDM01141,2,2,2,2,2,3,2,1,2,3,2,2,2,3,2,9,2,2,1,1,1,2,2,2,2,2,2,2,1,2,2,2,2,2,0,0,0,2,0,0,2,0
SIDM01144,4,4,4,4,4,4,4,2,4,14,4,2,4,4,4,3,4,4,2,2,3,5,4,5,4,7,3,3,3,4,4,3,4,2,0,0,4,5,4,0,4,3
SIDM01145,5,4,4,4,4,14,4,3,3,5,4,4,2,4,3,4,5,4,2,4,3,3,3,4,4,5,5,4,4,4,4,4,3,4,0,0,4,0,3,0,4,3
SIDM01146,2,2,2,2,3,2,2,2,2,2,2,2,2,2,2,2,2,1,2,2,2,2,2,2,2,2,2,2,2,2,2,2,2,2,1,0,0,0,2,0,3,2
SIDM01147,2,2,2,2,2,1,1,2,1,1,2,2,2,2,2,2,2,1,1,1,1,2,2,5,2,2,1,2,2,2,2,2,2,1,1,0,2,2,1,0,2,0
SIDM01148,2,2,2,2,1,2,2,2,2,2,3,1,1,2,2,2,2,2,2,3,2,2,1,2,2,2,2,2,2,2,2,3,2,2,0,0,4,2,2,0,1,2
SIDM01149,4,3,3,3,4,3,3,3,15,3,3,3,3,3,3,3,4,3,3,3,3,4,4,4,3,3,3,3,3,4,4,4,3,3,1,1,3,1,1,1,4,3
SIDM01150,3,1,1,2,3,2,2,2,3,2,2,2,7,2,2,2,2,1,2,1,3,3,1,3,3,2,2,4,2,3,2,0,2,2,0,0,6,2,2,0,3,3
SIDM01151,5,3,3,0,4,4,3,3,2,3,3,4,2,5,3,9,3,2,8,2,2,3,3,3,3,4,3,2,4,4,4,4,3,3,0,0,5,0,3,2,4,3
SIDM01154,2,2,2,2,2,2,2,2,2,2,2,2,2,2,2,2,2,1,2,2,2,2,2,2,2,2,2,2,2,2,2,2,2,2,0,0,4,0,2,0,2,2
SIDM01155,7,5,4,4,6,4,4,4,4,7,4,4,4,4,4,6,5,3,4,4,5,4,4,4,4,7,4,3,6,5,5,4,5,4,3,0,4,4,4,0,6,4
SIDM01156,4,3,2,6,4,3,3,1,3,3,2,3,4,2,2,2,2,2,4,2,2,3,3,3,4,3,3,4,2,3,3,2,3,3,0,0,0,3,3,0,4,2
SIDM01157,2,2,2,2,2,2,2,1,2,2,1,2,2,1,2,2,2,2,2,1,1,3,2,2,6,2,2,2,1,2,2,1,1,2,0,0,2,1,2,0,2,2
SIDM01158,5,3,2,4,3,1,2,3,3,3,3,2,5,2,4,2,2,2,2,1,2,3,2,2,3,3,2,2,1,3,3,4,2,2,0,0,4,3,1,0,3,3
SIDM01159,6,4,2,2,6,4,4,4,4,5,5,2,3,3,3,3,3,3,4,3,3,3,2,4,4,5,4,4,2,3,3,3,4,2,0,0,0,4,4,0,5,3
SIDM01160,4,4,3,0,4,2,3,2,4,3,4,3,4,4,3,3,4,4,4,3,4,4,4,4,4,4,4,4,3,4,4,2,4,3,0,0,4,4,0,0,4,0
SIDM01161,2,2,2,2,3,2,2,0,2,2,2,2,2,2,2,2,2,2,2,2,2,2,2,2,2,2,2,2,2,2,2,2,2,2,0,0,0,2,0,0,3,2
SIDM01163,5,3,4,4,4,3,2,4,4,3,3,4,4,2,2,2,4,2,4,2,3,3,3,4,3,4,3,3,3,5,5,4,4,2,0,0,8,3,3,0,4,2
SIDM01164,6,5,5,5,6,5,5,5,6,8,4,5,4,5,14,4,5,4,6,5,6,7,6,6,4,8,7,4,5,5,5,5,6,5,5,2,9,6,5,2,6,7
SIDM01165,3,3,3,3,3,3,4,2,3,3,2,2,3,2,2,3,2,2,2,1,2,3,2,4,4,3,4,2,2,3,3,3,1,2,0,0,3,3,2,0,6,3
SIDM01168,3,3,4,3,6,3,3,5,4,5,3,2,4,2,3,3,2,2,2,2,4,5,3,2,3,5,2,3,3,3,3,3,5,6,0,0,0,3,0,0,5,2
SIDM01169,2,2,3,2,2,2,2,2,2,2,2,2,2,2,2,2,2,2,2,2,2,2,2,2,2,2,2,2,2,2,2,2,2,2,0,0,2,2,2,0,2,2
SIDM01170,2,3,3,3,3,2,3,3,2,2,2,3,3,2,2,2,2,2,3,2,2,2,2,3,2,2,2,2,0,3,3,3,3,1,0,0,0,0,0,0,3,0
SIDM01171,3,3,2,3,4,3,3,2,4,3,3,2,3,2,2,3,2,2,3,2,3,3,3,3,3,4,2,3,3,2,2,3,2,3,2,0,3,3,3,0,4,0
SIDM01172,2,2,2,3,1,2,1,4,3,2,2,3,3,2,2,2,12,1,1,2,2,2,2,2,2,2,2,2,2,2,2,3,2,1,1,0,3,2,2,0,1,0
SIDM01173,2,2,2,2,2,2,2,2,3,2,2,3,2,2,2,2,1,2,2,2,2,1,2,2,2,2,2,2,2,2,2,2,2,2,0,0,2,2,2,0,2,2
SIDM01174,6,3,3,4,4,3,4,3,4,5,3,4,6,3,2,3,3,6,4,3,4,3,3,3,3,4,3,3,2,4,4,4,4,4,0,0,9,0,0,0,12,3
SIDM01175,3,4,3,4,4,3,3,3,3,3,2,4,4,4,3,4,4,2,2,4,3,3,3,3,2,3,4,3,3,3,3,4,3,5,0,0,4,4,3,0,4,3
SIDM01176,2,2,2,3,2,2,2,2,4,2,2,2,2,2,2,2,2,1,2,2,2,2,2,2,2,2,2,1,2,2,2,2,2,2,0,0,2,2,2,0,2,2
SIDM01177,2,2,2,2,2,2,2,2,2,2,2,2,2,2,2,2,2,2,2,2,2,2,2,2,2,2,2,2,2,2,2,2,2,2,0,0,2,2,2,0,3,3
SIDM01178,4,5,4,4,4,7,3,2,5,3,2,3,3,4,3,4,3,4,5,1,2,4,3,4,6,5,4,3,2,3,3,4,4,3,0,0,4,4,4,0,4,3
SIDM01179,3,3,3,3,3,2,3,2,3,4,2,3,3,2,2,2,2,2,3,2,2,3,3,3,2,4,2,2,2,3,3,3,2,3,0,0,0,2,2,0,3,4
SIDM01180,3,2,3,3,4,2,4,2,2,3,2,4,3,4,2,3,3,3,2,2,4,4,2,2,7,3,2,2,2,3,3,4,4,3,0,0,3,2,2,0,4,0
SIDM01181,2,3,3,3,3,2,3,2,2,4,3,3,3,2,2,2,3,1,3,2,2,2,2,2,3,4,4,3,3,3,3,4,2,3,0,0,3,3,2,0,3,0
SIDM01182,4,3,3,3,5,3,4,4,5,4,4,4,4,3,2,3,4,3,3,3,3,4,2,3,5,4,4,2,0,3,3,3,3,4,0,0,3,4,3,0,9,0
SIDM01183,5,2,3,3,3,3,2,3,3,3,2,2,12,1,1,2,3,1,1,2,1,3,2,3,2,3,2,2,2,2,2,3,2,3,0,0,3,2,2,0,3,2
SIDM01184,4,4,3,3,6,5,3,2,4,3,4,3,4,3,3,3,4,4,3,3,4,4,4,3,4,3,4,4,3,3,3,3,4,3,0,0,3,0,0,0,6,3
SIDM01185,2,2,1,2,1,1,1,1,2,3,2,2,3,1,2,2,2,2,1,2,1,2,2,2,2,3,2,2,2,2,2,2,1,2,0,0,2,2,1,0,1,2
SIDM01186,4,3,4,4,2,2,3,2,4,3,2,3,4,3,2,2,3,2,1,2,2,4,2,14,4,4,6,4,2,4,4,4,2,4,0,0,4,4,2,0,6,2
SIDM01187,3,2,3,0,2,3,3,2,3,2,3,3,2,3,2,3,3,5,2,3,2,3,2,12,3,4,7,3,3,3,3,0,2,3,0,0,0,0,2,0,2,0
SIDM01188,3,4,2,3,3,4,4,2,3,3,3,3,7,4,3,4,3,2,3,1,2,3,3,3,4,4,3,4,2,3,3,3,2,2,0,0,0,0,4,0,3,3
SIDM01189,2,2,2,2,1,2,1,1,2,2,1,2,2,2,2,2,2,1,2,2,2,2,1,2,2,2,1,2,2,2,2,2,2,1,0,0,0,2,2,0,1,0
SIDM01190,7,4,3,4,4,3,4,3,3,4,3,4,3,3,2,3,3,2,3,2,3,3,4,3,3,4,3,3,2,2,2,4,3,2,0,0,4,0,3,0,4,0
SIDM01191,4,3,4,3,3,3,3,2,3,2,2,3,4,5,4,4,4,2,2,2,3,4,2,4,3,4,3,3,2,4,4,3,3,1,0,0,0,3,3,0,3,4
SIDM01193,2,2,1,2,3,2,3,1,3,4,2,2,3,3,2,3,2,1,2,3,3,3,2,2,2,3,2,2,2,2,2,2,2,3,0,1,0,3,0,0,3,2
SIDM01194,2,3,4,4,3,2,3,2,4,3,2,2,2,2,2,2,2,2,2,2,2,2,1,3,2,3,3,2,2,2,2,3,3,3,0,0,3,2,2,0,3,0
SIDM01196,3,3,5,4,4,3,4,2,4,3,4,2,2,4,3,3,3,2,3,3,2,3,3,3,7,3,3,3,2,3,4,4,3,2,1,0,4,6,3,0,4,0
SIDM01197,5,3,3,4,4,14,3,4,5,4,3,4,3,2,2,3,3,3,2,2,4,4,6,3,3,5,3,4,2,4,4,3,4,3,0,0,0,3,3,0,10,0
SIDM01198,2,4,2,2,2,2,2,2,2,3,2,2,2,2,2,2,2,2,2,2,2,2,2,2,2,3,2,3,1,2,2,4,2,2,0,0,8,2,2,0,3,2
SIDM01199,7,5,5,7,8,7,7,6,4,6,6,7,5,5,6,5,5,6,5,5,6,6,5,6,7,7,6,5,6,5,5,4,7,6,0,5,5,3,7,5,8,3
SIDM01201,4,3,2,4,4,4,4,2,3,5,3,4,3,2,4,3,4,2,2,3,3,4,4,4,3,3,3,4,3,4,4,4,3,4,0,0,4,4,4,0,4,6
SIDM01205,2,2,2,3,3,2,3,2,3,2,2,3,2,2,2,2,2,2,2,2,3,2,2,2,2,2,2,3,2,3,3,4,2,2,0,0,0,3,0,0,4,2
SIDM01206,2,1,2,2,2,2,2,2,2,2,1,3,2,3,2,2,3,1,2,2,2,2,2,2,2,2,2,2,2,2,2,7,2,1,1,0,4,2,2,0,2,2
SIDM01210,2,2,1,2,2,2,2,2,2,3,2,1,2,2,1,1,2,1,2,2,2,2,2,2,2,3,1,2,2,2,2,2,2,1,1,0,5,2,2,0,4,2
SIDM01217,2,2,2,2,2,2,2,2,2,2,2,2,2,2,2,2,2,2,2,2,2,2,2,2,2,2,2,2,1,2,2,2,2,2,0,0,2,2,2,0,2,2
SIDM01218,4,4,4,3,3,3,3,4,2,3,3,3,3,2,3,3,3,2,3,1,3,3,3,3,3,3,5,3,3,4,4,3,5,2,0,0,0,5,3,0,3,5
SIDM01219,4,3,4,3,3,3,0,2,5,1,2,2,5,2,2,3,2,1,2,2,3,3,2,3,2,3,3,3,2,3,3,3,2,3,0,0,3,0,4,0,8,2
SIDM01220,5,3,3,4,3,4,0,4,3,5,3,3,3,3,4,4,4,2,4,3,3,4,2,3,5,4,3,3,2,3,3,3,3,3,0,1,6,3,2,1,4,4
SIDM01228,3,3,2,4,3,3,4,4,4,4,3,3,8,3,3,9,4,3,3,3,3,5,3,4,4,4,3,3,3,4,4,4,4,4,0,0,0,4,3,0,3,3
SIDM01229,2,2,2,3,2,1,2,2,2,1,2,1,2,1,2,2,1,1,1,1,2,2,2,2,2,2,2,2,2,2,2,3,2,2,0,0,2,2,1,0,2,2
SIDM01233,4,5,5,4,4,4,4,2,3,4,6,4,5,4,3,4,2,2,5,2,3,3,4,4,6,4,3,3,3,4,4,1,1,4,0,0,4,3,0,0,4,5
SIDM01237,2,3,3,2,4,2,3,2,2,2,2,3,2,2,2,2,2,1,2,2,2,2,2,2,2,2,2,2,3,3,3,2,2,3,0,0,2,2,2,0,4,2
SIDM01240,4,3,3,4,6,3,0,2,5,8,3,3,5,2,3,6,4,4,5,4,7,5,3,2,3,6,3,4,4,4,4,5,2,3,0,0,4,3,3,0,7,3
SIDM01242,6,3,3,4,2,4,3,2,4,4,4,2,3,2,2,4,3,2,4,1,8,2,3,4,4,4,2,4,3,3,3,3,4,3,0,0,0,4,4,0,6,0
SIDM01245,4,4,3,4,4,4,0,6,3,4,4,4,4,3,3,4,4,3,3,3,3,3,4,4,4,4,4,3,3,4,4,3,2,4,0,0,0,4,4,0,4,4
SIDM01246,2,1,1,2,2,2,2,2,2,2,1,2,2,2,2,2,2,2,1,2,2,2,2,2,2,2,2,2,1,2,2,1,2,2,0,0,0,0,2,0,2,2
SIDM01247,2,2,2,2,2,2,2,2,2,3,2,2,2,2,2,2,2,1,1,1,2,2,1,2,2,2,2,2,2,2,3,2,2,2,0,0,2,2,2,0,2,2
SIDM01248,3,3,2,3,4,3,3,3,4,3,4,3,3,3,9,4,3,3,3,2,3,4,2,3,6,4,4,3,2,4,3,5,3,3,0,0,7,3,3,0,4,5
SIDM01251,3,2,2,3,4,3,3,2,2,4,2,5,1,2,3,3,3,2,4,4,3,3,2,4,3,3,2,3,4,3,4,3,2,3,0,0,0,3,3,0,4,2
SIDM01259,2,2,2,2,2,2,2,1,2,3,2,2,2,2,2,2,2,1,2,2,2,2,3,2,2,3,2,3,2,3,2,3,2,2,0,0,0,2,2,0,4,0
SIDM01261,3,3,3,6,2,3,3,3,4,3,2,2,5,4,3,4,2,3,2,4,3,3,2,3,6,3,3,3,0,3,3,4,3,5,0,0,0,2,3,0,2,3
SIDM01265,2,1,2,3,2,2,0,1,2,3,2,1,2,2,2,2,2,2,2,2,2,3,1,2,2,2,1,2,2,2,2,3,2,2,0,0,3,2,2,0,2,2
