Code,Unhealthy_Days,ALE,All_Death,Health_Status
1,7.5,74.9,1041.5,21.8
2,6.7,76.6,856.9,15.4
3,NA,74.5,1019.4,21.4
4,NA,73.2,1050.5,19.4
5,7.9,76.1,954.2,25.8
6,NA,71.9,1107.6,NA
7,6.9,73,1084.2,21.6
8,8,73.1,1100.3,26.7
9,7.9,73.8,1075.6,32.3
10,8.8,75.3,999.3,NA
11,9.7,74.1,1040.4,26
12,NA,74.6,975.7,29.8
13,5.8,74,982,NA
14,7.1,74.9,950.3,NA
15,8,75.3,1072.8,NA
16,7.1,75.9,923.6,19.1
17,5.6,75.3,964.4,20.3
18,7.4,73,1093.6,19.1
19,4.9,74.9,909.2,18.3
20,5.2,74.7,999.7,22
21,NA,73.7,1058.7,NA
22,8.2,75.3,1028.7,23.8
23,5.8,75.5,987.4,23.9
24,7,72.1,1136,25.1
25,7.2,75.1,960.6,22
26,5.8,75.2,946.9,15.1
27,7.5,73.2,1042.6,31.2
28,8,73.5,1091.5,24.1
29,10,73.9,979.6,32.7
30,NA,73.6,1091.7,25
31,6.3,74.7,984.9,25.6
32,NA,72.7,1050.9,NA
33,6.9,72.7,1073,NA
34,5.5,74.5,961.4,NA
35,6.9,75.7,905,21.9
36,7.4,74.5,1027.6,22.6
37,6.3,73.6,1034.5,17.7
38,NA,73.9,1044.9,NA
39,7.4,76.4,910.9,23.4
40,7.5,74.3,1054.1,28.8
41,6.1,75.3,983.4,16.6
42,7.7,75.5,964.4,18
43,7.7,71.7,1075.8,NA
44,5.5,71.9,1091.8,22.8
45,6.3,76.1,905.8,13.7
46,9.3,74,1034.4,NA
47,6.4,73.9,999.8,27.7
48,8.2,73.9,1066.2,22.5
49,7,73.5,1030.7,19.2
50,6.5,74.7,957.4,11.7
51,6,74.6,974,16.3
52,6.9,75.2,968.7,18.3
53,NA,73.2,1173.9,NA
54,6.6,73.5,1040.1,20.7
55,6.7,73.7,1112.5,22
56,8.4,74.9,1000.4,17.3
57,7.5,72.1,1144.3,25.4
58,8,74.9,1059.4,25.2
59,6.1,76.8,923.4,9.9
60,6.6,73.5,1022.8,19.8
61,8.4,73.3,1090.6,24.6
62,7.4,73.9,1046.3,21.5
63,6.9,75,1026.2,17.9
64,9.5,72.2,1191.7,27.3
65,NA,74.6,993.7,NA
66,NA,71.7,1131.2,NA
67,9.5,73.5,1072.3,25.5
68,NA,76.9,620,NA
69,NA,76.9,1041.3,NA
70,NA,76.9,793.2,NA
71,NA,76.9,1001.7,NA
72,NA,76.9,991.4,NA
73,NA,76.9,NA,NA
74,NA,76.9,964.5,NA
75,NA,76.9,827.9,NA
76,NA,76.9,775.1,NA
77,NA,76.9,742.2,NA
78,NA,76.9,873.3,NA
79,NA,76.9,941,NA
80,NA,76.9,753.5,NA
81,NA,76.9,1318.4,NA
82,NA,76.9,866.8,NA
83,NA,76.9,1089,NA
84,NA,76.9,1008.7,NA
85,NA,76.9,1119.9,NA
86,NA,76.9,829.8,NA
87,NA,76.9,828,NA
88,NA,NA,674.7,NA
89,NA,76.9,951.3,NA
90,NA,76.9,826.4,NA
91,NA,76.9,1078.3,NA
92,NA,76.9,865.4,NA
93,NA,NA,1261.3,NA
94,NA,76.9,1192.1,NA
95,5.3,73.9,943.8,15.4
96,6.9,76.8,844,16.9
97,5.5,78.5,764.8,10.8
98,8.2,75.2,922.9,19
99,6.5,76.8,868.2,15.7
100,6.1,76.8,909.9,NA
101,6.1,80.9,766.8,22.2
102,5.6,77.8,780.8,14.4
103,7,74.8,970.8,21.7
104,6,74.8,911.7,16.5
105,6,77.3,809,13.7
106,6.3,76.9,795.2,19
107,4.3,80,662.7,18.3
108,6.6,77.8,778.8,17.4
109,5.6,80.9,608.9,19.1
110,7.8,73.4,1080.5,24.9
111,8.2,72.6,1076.7,18.5
112,6.5,77,897.6,17.8
113,5.7,78,776.9,14.5
114,5.8,76.9,896.3,17.6
115,7.1,73.3,1080.4,18.9
116,6.2,73.3,1021.1,17.9
117,6.4,76.9,824.8,19.8
118,6.1,73.9,1134.1,30.9
119,6.9,75.5,975.4,18.4
120,7.8,75,1032,31.9
121,7.8,76.4,869,21.2
122,7.9,73.3,977.5,26.2
123,7,74.3,1013.9,21.9
124,6.7,75.2,949.3,23.3
125,7.2,75.3,997.6,20.6
126,6.6,74.6,1027.5,19.4
127,6.7,71.1,1241.2,22.4
128,7.1,73.2,1079.4,22.3
129,4.7,73.6,1122.3,18.4
130,5.7,74.4,1046.9,20.6
131,5.1,73.9,1026.8,16.6
132,6.4,77.3,894.9,16
133,6,75.7,935,19.7
134,8.2,74.9,889.5,18.6
135,6.7,74.8,975.6,21
136,8.6,73.6,963.9,20.4
137,8.3,73.5,1006.3,26.2
138,8.1,74.7,1000.9,26.9
139,7.9,75.8,921.6,25.8
140,7.4,75,1017.6,18.6
141,7.2,75.2,997.2,20.1
142,6.8,74.9,1020.7,25
143,7.8,73.2,1080.2,34.9
144,6.3,73.2,1040.7,19.6
145,7.3,75.7,937.5,17.9
146,9.4,74.7,976.7,26.1
147,6.1,74.6,1039.7,15.5
148,NA,72.9,1064.7,NA
149,7.8,74.4,916.4,16.8
150,7.8,74,978.8,18.6
151,8.8,75.5,973.2,28.4
152,5.7,75,977.4,16.8
153,6.4,75.7,934.9,21.2
154,6,76.5,807.3,17.7
155,6.4,75.2,882.3,22.9
156,8.3,71.6,1205.4,25.6
157,5.3,72.9,1083.8,NA
158,7.3,74.7,914.4,29.5
159,8.2,72.6,1055.1,27.3
160,6.8,75.7,866.4,18.7
161,7.2,72.6,1090.3,19.2
162,7,75.2,1033.1,29.7
163,6,69.8,1231.5,18.3
164,6.8,75,911.2,33.1
165,9.1,72.4,1133,29.6
166,8.3,74.5,988,22
167,5.8,76.1,912.8,19.2
168,8,72.9,973.6,23.3
169,6.2,74.8,952.5,16.7
170,10.4,75,917.7,21.6
171,9.7,71.7,1240,27.3
172,7,76.4,907.9,18.2
173,6,74.5,987.3,23.4
174,9,76.5,996.1,30.2
175,6.5,75.6,927,16.9
176,5.7,74,1023.1,21.4
177,8.3,74.6,953.7,27.4
178,7.6,76.5,940.8,24.6
179,7.3,73.6,1036.4,21.5
180,8.1,76.4,886,27.4
181,6.2,76.7,902.1,13.9
182,7.3,75.1,964,19.5
183,8,72.9,1153.6,NA
184,7.9,74.7,991.8,21.3
185,6,78.1,751,11.9
186,NA,78.2,1012.8,NA
187,NA,78.2,801.4,NA
188,7.1,76.5,878.8,14.3
189,5.2,78.2,752.2,8.8
190,NA,76.8,866.6,NA
191,6,78.8,737.8,14.1
192,NA,74.7,955.7,NA
193,4.8,78.7,758.8,10.1
194,6.4,77.1,836.8,16.5
195,NA,76.9,874.6,NA
196,7.7,75.5,952.7,12.5
197,8.4,77.5,777.3,36.7
198,NA,78.3,889.3,NA
199,7.5,75.7,972.6,21.3
200,5.6,76.6,865.6,19.5
201,7.8,75,959.7,NA
202,NA,77.1,824.6,NA
203,6.6,78.1,747.3,19.5
204,8.5,77.4,826.6,NA
205,4.5,80.8,636.5,7.1
206,NA,77.8,820.7,NA
207,5.5,76.6,859.5,14.6
208,7.8,76.6,881.2,25.1
209,NA,77.1,936.6,NA
210,NA,78.3,679.9,NA
211,6.3,79.4,713.5,22
212,7.4,78.6,787,14.3
213,5.2,79.2,757,18.8
214,5.3,79.7,687.3,13.4
215,5.6,79.5,719.9,5.7
216,NA,77.8,847.5,NA
217,6.7,77.3,805.7,17.2
218,6.7,77.2,821.6,13.9
219,5.7,78.9,724.6,NA
220,6.9,76,916.2,19.4
221,5.8,78.6,746.8,14.1
222,5.8,77.9,723.6,11.5
223,6.5,76.4,874.1,17.4
224,5.7,79.4,708.5,10.7
225,5.5,80.3,641.6,13.1
226,6.3,79.8,686.2,17.8
227,5.3,80.2,634.4,11.9
228,7,79.3,736.3,18
229,7,76.1,914.2,14.6
230,NA,77.8,779.5,NA
231,7.9,77.1,839.5,14.4
232,6.6,77.7,792.1,12.3
233,6.9,78.5,769.6,14.9
234,7.1,76.2,907.4,21.1
235,7.9,76.8,889.9,NA
236,7.3,75.8,926,NA
237,NA,75.8,944,NA
238,6.8,76.1,878.7,20.8
239,6,77.8,820.2,15.1
240,6.2,79.3,712.8,12.8
241,6.8,77.9,829.9,15.2
242,8.8,73.8,1064.3,19.2
243,6.2,78.5,941.9,16
244,5.1,76.5,983.4,9.5
245,5.5,79,757.2,11.6
246,4.1,80.8,691.6,NA
247,NA,75.7,894.1,NA
248,NA,75.7,1039.1,NA
249,4.6,78.5,729,7
250,5.6,78.5,NA,7.6
251,6.1,80.1,763,15.2
252,NA,77.9,740.8,NA
253,4.1,81.3,761.1,6.2
254,NA,76.5,845.3,NA
255,NA,76.3,944.9,NA
256,NA,77.1,941,NA
257,NA,76.8,608.7,NA
258,4.9,77.6,792.7,14.1
259,6,75.9,854.2,17.2
260,NA,74.8,875.6,NA
261,4.1,80.3,684.1,4.2
262,4.5,81.3,476.6,7.6
263,5.8,80.3,766.5,14.8
264,5.9,78.2,820.5,11.3
265,6.3,76.4,915.6,14.5
266,5.6,78.1,842.6,13.8
267,NA,81.3,758.3,NA
268,4.8,81.3,719.4,5.2
269,5.8,80.8,784.2,2.6
270,NA,80.8,495.9,NA
271,NA,76.3,905.1,NA
272,NA,81.3,740.4,NA
273,5.2,78.5,763.8,11
274,NA,77.9,754.6,NA
275,5.1,77.9,789.2,13.4
276,NA,80.1,856.1,13.4
277,4.2,79.7,691.5,8.2
278,5.1,79.7,730.5,9.1
279,NA,76.3,858.6,21.7
280,NA,77.1,834.7,NA
281,6.3,77.9,811.7,12.9
282,5.7,77.5,832,10.7
283,NA,80.8,751.6,NA
284,6.1,78.5,878.1,NA
285,5.6,74.8,950.6,14.1
286,5.9,78.3,776.8,16
287,6.8,77.1,836.3,23.7
288,6.7,77.1,946.3,13.7
289,NA,80.8,626.7,NA
290,5.4,81.3,673.1,8.9
291,NA,77.9,742.4,NA
292,4.6,80.1,417.7,7.5
293,6.8,75.7,884,NA
294,7.3,76.8,880.1,15.9
295,NA,78.5,871.1,12.3
296,NA,76.5,891.4,NA
297,3.5,78.5,748.7,2.2
298,NA,76.5,813.3,NA
299,NA,74.8,1354.8,NA
300,NA,80.8,591.4,NA
301,NA,77.9,948.8,NA
302,3.4,81.3,435.5,5.9
303,4.9,78.2,770.9,7.6
304,NA,77.9,858.2,NA
305,5.8,78.5,811.6,15.1
306,4.6,77.9,835.2,14.9
307,5.2,79.2,705.3,12.3
308,5.5,77.8,753.4,11.8
309,5.8,78.8,736.8,11.5
310,5.3,79.2,725.8,11.1
311,6,78,765,13.6
312,5.5,78.8,818.6,12
313,5.1,78.7,711.4,9.2
314,6.2,76.8,904.5,13.4
315,6.1,75.8,907.6,14
316,6,76.5,857.3,12.2
317,6.2,76.5,837.8,16
318,5.4,72,1024.9,12.2
319,5.9,76.4,892,10.9
320,8.2,70.2,1137.3,27
321,6.3,75.3,961.1,18.5
322,5.4,74.2,1045.2,13.5
323,6.3,77.9,796.5,15.5
324,5.6,78.3,748.2,13.5
325,3.9,74.5,1009.3,15.5
326,5.9,79.5,680,14.9
327,6.7,76.7,873.7,19.9
328,6.3,75.9,978,12.5
329,4.4,81,581.9,13.3
330,7.8,73.8,1068,23.9
331,4.3,77.6,767,23.6
332,NA,74.2,969.1,NA
333,6.1,74.5,992.8,15.2
334,6.7,75.2,952.9,18
335,5.5,78.4,726.1,16.2
336,NA,74.5,979.1,NA
337,6.8,72.9,1039.4,22.6
338,8,74.8,1003.7,NA
339,NA,76,834.2,NA
340,6.6,74.5,1031,21.3
341,NA,74.6,1088.3,NA
342,4.8,77.6,812.7,18.9
343,NA,76,943.7,NA
344,7.6,77.1,878.8,21.3
345,8.2,78,733.8,19.4
346,6.3,76,893,16.8
347,7.4,74.8,1066.2,NA
348,5.3,79.3,712,12
349,6.8,74.8,979.4,22.3
350,4.7,73.8,995.3,16.8
351,NA,74.2,951.8,NA
352,6.5,77.7,772.5,17.6
353,5.7,78.9,709.7,16.3
354,5.2,76.8,897.5,10.6
355,6.3,74.8,1020.2,20.5
356,6.9,76.8,1025.4,14.7
357,NA,74.6,954.2,NA
358,5.7,78.2,729.2,17.7
359,7.8,76.7,863.1,19.8
360,5.4,79.6,673.2,10.3
361,5.4,77.6,761.6,18.4
362,5.4,77.5,818.3,15.2
363,5.5,75.5,980.2,15.6
364,6.2,76.6,925.8,14.3
365,6.8,74.6,916.1,22.9
366,5.2,76.9,861.6,14.4
367,7.7,76.8,834.5,15.6
368,5.5,79.1,694.4,15.7
369,7.1,76.7,837.1,17
370,6.7,77.2,823.3,16.1
371,6.1,76.5,832.5,21
372,6.3,73.7,1037.2,24.5
373,5.6,78,759.3,11.9
374,6.4,76.8,788.3,17.6
375,6.2,76.4,875.9,14.9
376,5.5,79.6,668.7,14.7
377,6.4,78,840.7,12.5
378,4.3,78.3,804.3,16.7
379,7.1,74.2,1014.7,24.1
380,6.6,73.8,1079.9,21.3
381,NA,70.2,1675.3,NA
382,6.8,77,851.2,17.7
383,6,76.8,944.4,11
384,6.2,75.7,930.6,21.9
385,6.9,74.8,950.6,30.1
386,6.6,72.9,1087.2,20
387,4,73.1,1179.8,NA
388,NA,72.9,1239.2,NA
389,NA,75.1,871.5,NA
390,8.5,73.9,1040.1,21.8
391,NA,75.3,942.1,NA
392,5.7,75.3,1007.6,18.2
393,5.7,74.1,1037.7,16.4
394,5.9,73,1124.4,20.1
395,5.7,73.1,1076.3,10.8
396,6,72.7,1072.3,20
397,4.6,74.5,1060.5,18.3
398,5.7,73.3,1093,22.8
399,8.4,73,1056.1,21.9
400,7.1,75.8,987.7,11.9
401,5.2,75.7,933.9,14.6
402,6.8,72.8,1173.9,24.4
403,NA,73.3,1086.9,10.6
404,NA,72.3,1097.2,NA
405,6.3,76.7,880.7,10.6
406,5.4,72.2,1075.5,17.4
407,5.5,74.3,1045.8,14.8
408,7.8,76.8,878.9,18
409,5.1,73.3,1140.9,14
410,5.7,75.1,967.7,15.2
411,NA,73.8,1720,NA
412,8.2,74.3,1042.3,NA
413,5.4,76.7,924.2,12.1
414,5.9,76,914.7,10
415,NA,72.3,1136.8,NA
416,6.5,74.8,939,13.9
417,NA,73.1,1244.2,NA
418,5.1,77.4,827.5,9.6
419,7.8,74.1,1043,24.6
420,7.6,73.4,1055.7,24.7
421,4.9,77.8,838.3,11.2
422,6.5,73,1080.9,25.3
423,4.5,75.8,973.1,9.3
424,NA,72.9,946.1,NA
425,6.1,72.5,1130.5,26.4
426,NA,74.1,978.2,19.2
427,4.7,76.4,997.2,10.9
428,6.1,73.6,1084.1,20.4
429,5.3,76.9,802.8,11.7
430,NA,72.8,1101.2,21.6
431,NA,73.2,1068.1,NA
432,6.5,74.8,985.3,20.6
433,5.9,75.7,1016.2,15.4
434,6.1,75.1,1008.5,NA
435,NA,73.1,909,NA
436,5.5,75.8,990.4,19.9
437,9.2,73.8,1027.1,32.2
438,7,72.2,1142.5,20.6
439,6.3,73.5,1092.1,NA
440,7.4,75.9,907.8,26.6
441,4.7,78.9,778.4,8.6
442,6.2,74.6,1013.5,23
443,4.4,77.5,898.5,6.4
444,6.7,75.3,1017.7,15.8
445,5.4,74.1,942.8,10.9
446,8.5,75.9,927,24.6
447,NA,73.4,952.4,NA
448,5,75.4,929.3,14.2
449,9.4,74.3,1005.3,23.4
450,7.4,72.9,1026.2,21.4
451,5.4,75.5,1039.3,20.5
452,5.1,78.3,837.6,9
453,7,76.4,898.6,24.6
454,5.7,76,930.5,17.4
455,NA,73.4,1142.2,NA
456,7.1,73.3,1060.1,24
457,4.8,73.8,900.4,9.9
458,7,75.3,974.9,19.5
459,NA,74.3,1042.1,NA
460,5.7,76,938.5,11.3
461,5,75.7,977.4,11.8
462,4.7,73,1044.6,16
463,6.5,74,1039.9,20.2
464,NA,74.6,1028.7,NA
465,7.1,72.9,1172,22.3
466,5.2,73.4,1146,16.7
467,NA,72.8,1117.9,NA
468,5.7,74,1002.3,17.5
469,NA,75.8,904,17.3
470,NA,74.7,1023.2,NA
471,NA,73.1,1094.9,NA
472,5.6,74.5,979.7,19.7
473,5.7,74.8,809.3,10.3
474,6.8,74.1,1064.2,12.8
475,NA,73.8,1113.4,NA
476,5.1,73.5,1074.3,17.4
477,5.5,74.4,1028.9,13.4
478,5.4,76.2,962.7,14.2
479,7.6,72.3,1157.6,22
480,7.6,73.5,1031.9,23.3
481,7.4,73.2,1118.6,19.2
482,7.2,75,1008.9,17.9
483,NA,73.8,1155.5,NA
484,NA,73.4,1069.4,NA
485,NA,75.1,945.7,12.7
486,7.6,72.9,1076.9,29.3
487,6.6,73.3,1057.9,NA
488,NA,74,1031.9,NA
489,4.6,77.1,937,5.4
490,9,74.4,962.9,27.7
491,6.1,73.8,1071.7,17.7
492,7.1,74.9,977,17.8
493,2.9,77.1,801.6,6.8
494,6,75.5,919,17
495,7,75.9,983.1,14.2
496,7.6,72.8,1090.5,21.8
497,5.9,76.4,946.3,15.9
498,7.5,73.3,1092.9,27.3
499,NA,74.7,1009.5,NA
500,6.7,73.3,1098.7,24.2
501,6.9,74.5,1093.6,15
502,7,74.6,951.2,17.7
503,NA,72.3,1024.6,NA
504,7.5,76.9,901.9,21.5
505,NA,72.3,1222.1,NA
506,6.4,72.7,1129.7,18
507,4.9,76.4,951,13.9
508,NA,73.8,1176,NA
509,5.7,72.8,1048.5,25
510,6.5,73.6,1040.8,NA
511,6.4,73.5,1103.9,16.7
512,6.8,74.3,1045.9,28.1
513,NA,72.3,1039.8,NA
514,5.8,74.1,1002.7,16.3
515,NA,72.9,1236.2,NA
516,NA,73.4,973.8,NA
517,7.8,73.5,1078.4,21.3
518,NA,72.9,1111.9,NA
519,7.9,72.8,1196.5,32.2
520,7.4,73.8,1111.2,NA
521,5.9,73,1033.7,22.3
522,6.5,74.7,968.7,22.2
523,6.2,72.7,1104,24.5
524,5.8,76.9,778.3,NA
525,5.8,74,1083.9,NA
526,5.4,72.5,1115.3,12.8
527,NA,73.8,1146.6,NA
528,NA,73.9,1144.6,NA
529,6.4,76.9,836.5,24.4
530,NA,73.5,1139.3,NA
531,5.5,74.1,1088.5,19.8
532,6.9,75.9,948.7,17
533,7.5,73.8,1031.6,26.9
534,NA,73.4,1058.4,NA
535,5.4,73.4,1023.7,19.2
536,5.5,74.1,1082.8,18.7
537,NA,73.8,1012.4,NA
538,4.2,72.9,939.2,NA
539,6.1,76.2,872.5,10
540,6.9,75.3,994.2,25.3
541,5.9,72.5,989.2,NA
542,NA,72.3,1037.8,14.9
543,NA,73.9,1089.3,NA
544,8.4,73.8,966.4,31.4
545,5,77.3,752.9,15.2
546,4.1,80.5,628.9,12.5
547,NA,80.4,1823.4,NA
548,4.5,79.7,661.6,13.4
549,4.6,80.4,646.6,12
550,5.5,79.2,750.2,9.6
551,4.5,77.3,794.9,16.1
552,6.3,77,905.3,13.1
553,6.6,77.8,878.4,15
554,7.1,74.9,961.5,16.1
555,5.7,77.2,823.4,13.4
556,4.5,80.8,615.4,7.4
557,5.8,80.8,645.7,20.1
558,6.3,77.3,847.5,14.9
559,5.5,77.6,847.1,12.4
560,6.1,77.3,851.6,12.1
561,6.4,76.8,932.7,16
562,NA,80.8,494.6,NA
563,6.3,77.6,774.6,15.4
564,5.5,77,794.4,17
565,6,76.6,795.4,16.7
566,NA,76.8,1036.9,NA
567,6.8,79.1,868.3,21
568,6.4,80.8,782.6,14.1
569,7,77.3,876.5,15.7
570,5.3,77.8,825.4,14.6
571,6.7,77.6,814.1,19.9
572,6,77.3,880.5,18.6
573,6.2,77.9,825.2,15.7
574,4.9,76.8,795.5,16.6
575,5.1,77.6,838.7,10.2
576,7,77.9,832.7,17.9
577,6,78.4,774.4,14
578,5.2,79.1,719.3,10.3
579,7,76.8,894.5,16.6
580,5,76.8,823.7,17.1
581,5.4,77.9,833.7,20.2
582,6.2,79.5,753.7,6
583,6,76.6,861.3,20.5
584,6.9,77.9,850.7,17
585,5.9,77.8,722.4,17.7
586,6.5,77.3,804.8,20.8
587,7,77.3,863.3,19.1
588,5.3,77.8,809,14.2
589,7.8,74.9,1003.6,22.7
590,5.4,77.6,805.1,10.6
591,5.8,77.6,820.3,12.9
592,5.8,77.3,753.6,12.9
593,6.1,77.3,857.9,18.2
594,5.5,77.7,870.5,17.9
595,4.1,74.6,1052.5,NA
596,6.5,77.1,871.6,NA
597,6.9,78.1,804.2,NA
598,NA,78.8,776.5,NA
599,6.2,78,826.7,19.3
600,NA,76.5,872.3,NA
601,4.9,78.2,875.8,6.7
602,NA,76.7,918.8,13.5
603,5.2,78.4,799.8,8.8
604,6.7,76.6,897.7,22.1
605,5,76.6,913.8,19.4
606,NA,77,871.9,NA
607,NA,77.3,826.3,NA
608,6.4,76.4,918.3,13.5
609,5.6,75.6,868.8,15.8
610,6.7,76.8,933.6,20.5
611,NA,77.4,893,NA
612,6.8,78.5,806.2,13.6
613,5.5,77.7,919.3,14.2
614,6.5,77.1,845.8,10.5
615,5,79.6,721.6,10.2
616,6.5,76.6,923.1,NA
617,NA,76,899.4,NA
618,4.8,77.7,852.8,12.2
619,5.9,77.1,928.2,10.5
620,3.5,76.9,945.9,5.5
621,8.7,74.3,1038,29.5
622,6.7,77.2,883.5,14.2
623,NA,75.8,993.9,NA
624,NA,76.5,940,NA
625,4.9,77.4,839.4,14.6
626,NA,74.5,852.4,NA
627,4.7,78.3,830.5,22.6
628,NA,74.9,1050,NA
629,NA,77.6,857.1,NA
630,5.5,77.7,811.4,11.6
631,4.5,76.9,888.1,18.5
632,5.8,76.4,890.7,11.1
633,NA,77.4,828,NA
634,7.7,77.2,854.9,30
635,NA,76.5,932.9,NA
636,3.6,78.2,749.3,10.2
637,NA,75.5,925.9,NA
638,4.9,77.8,799.7,13.3
639,5.3,74.5,1016.4,15.5
640,3.4,79,721.3,7
641,5.8,77.5,910.5,13
642,5,78.6,785.1,12.5
643,5.8,77.5,854.9,16.7
644,NA,76,1016.6,NA
645,5.8,75.8,933.3,16.8
646,7.6,77.9,834.9,21.6
647,6,76.8,894,15.5
648,4.3,78.8,790.5,13.7
649,5.4,78,806,11.9
650,4.5,78.6,834.3,8.8
651,6.9,76.5,866.7,16.3
652,6.2,76.6,886,20.7
653,6.2,75.7,911.1,13.8
654,6.4,75.7,936.5,21
655,5.3,78,859.4,14.3
656,4,76.7,934.9,12.1
657,NA,74.9,1061,NA
658,NA,76.7,889.6,NA
659,5.6,77.5,837.2,9.4
660,3.8,78.5,807.6,11.9
661,5.3,76.5,901,19.8
662,6.1,76.6,901.3,21.2
663,NA,77.1,934.6,NA
664,4.9,78,823.2,13.4
665,4.9,77.2,853.6,12.5
666,6.6,76.6,907.9,NA
667,NA,77.7,784.8,NA
668,4.9,77.3,841.2,18
669,NA,74.9,782.5,NA
670,NA,75.5,1099.9,NA
671,NA,78,756.3,NA
672,3.9,76.1,915.7,11
673,NA,76.8,871.1,NA
674,4.9,77.3,810.7,17.6
675,6.5,74.6,981.7,19.3
676,NA,74.5,1081.9,NA
677,5.6,76.8,855.9,15
678,NA,78.8,883.1,NA
679,NA,77.3,851.7,NA
680,6.9,78,843.4,14.2
681,NA,78,907,NA
682,3.4,78.1,807.7,12.8
683,6.2,78,832.6,14.1
684,3.8,74.6,1009.3,10.4
685,7.1,75.6,948.7,18.2
686,NA,76,843.7,NA
687,5.1,77.6,869.1,NA
688,NA,77.3,847.6,NA
689,NA,77,845.5,NA
690,NA,75.8,930.1,15.1
691,5,78,804.5,20.2
692,5.6,77.8,814.4,9.8
693,6.6,75.5,920.6,22.5
694,6.8,76.8,851,16.9
695,5.5,78.8,757.1,9.4
696,5.3,78.8,761.2,17.2
697,5.6,77.3,831.5,11.6
698,5.2,76.4,906.4,14.7
699,3.7,77,801.7,15.4
700,4.7,76,930.2,21.3
701,5.4,77.3,905,12.1
702,4.2,76.7,877,12.8
703,7.1,77.3,806.9,14.1
704,7.4,76,937.7,17.7
705,7.2,75.1,1018.9,16.5
706,7.4,75.6,986.6,23.7
707,5.9,75.8,908.2,19.9
708,5.8,74.9,1014.9,17.9
709,6.5,76.3,896.5,26
710,6.8,76.4,895.1,15.1
711,8.1,76.7,871.5,21.8
712,5.9,76.5,885.6,13.4
713,6.9,76.2,933.4,14.4
714,3.7,77.3,871.9,16.1
715,5.4,77.1,825.7,15
716,10,75.1,1018.1,22.3
717,6.5,76.2,979.2,18.2
718,7.6,75.1,975.3,21
719,5.4,77.1,812.8,18.3
720,8.1,77.2,900,22.1
721,5.6,77.2,874.4,18.5
722,6.2,75.5,958.5,17
723,8.9,76.4,898.9,27.6
724,4.3,79.1,751.1,8.7
725,6.8,77.3,845.7,13.6
726,6.1,76.8,940.2,17.6
727,6.4,78.1,810.2,11.5
728,7.5,75.8,939.7,17.5
729,6.4,75.8,1005.9,17.2
730,6.8,77.2,845.4,14.3
731,7.5,76.2,933.7,18
732,6.6,77.6,838.7,14.1
733,5.7,76,933.9,20.9
734,7.8,75.7,954.9,19.6
735,8.6,74.7,1011.8,17.4
736,6.1,77.6,899.6,15.7
737,6,75.2,971.8,17.6
738,5.3,77.1,823.2,14.6
739,7.4,78.5,765.5,20.4
740,6.5,74.4,962.9,17.1
741,7,76.2,870.7,15.5
742,7.4,75.7,909.3,21.2
743,7.4,75.7,950,19.7
744,6.6,74.5,959,15.7
745,5.9,77.7,847.5,12.9
746,6.6,76.3,968.7,19.4
747,7.4,76.6,877.7,16.5
748,6.9,78.1,805.4,12.3
749,6.4,76.3,902.1,14.6
750,6.8,76.7,967,13.5
751,5.9,77,928.7,NA
752,5.6,76.8,917.1,16.7
753,NA,75.7,918.2,NA
754,7.7,74.9,986.2,27
755,5.7,75.6,913.7,20.9
756,6.2,75.9,874.2,16.9
757,7.1,76.9,899.9,15.8
758,NA,75.2,936.9,NA
759,5.9,77.2,842.8,13.8
760,5.6,76.7,878.4,18.1
761,5.8,77.2,907.2,NA
762,5.3,78,870.7,14.6
763,6.8,76,869.3,23.9
764,4.7,77.6,841.1,12.5
765,4.9,77.1,921.3,NA
766,6.3,76.9,827.2,14
767,10.6,73.6,1151.2,23.9
768,6.5,76.3,889.2,16.1
769,4.8,76.9,906.5,12.3
770,10.1,73.5,1053.9,25.2
771,6.4,76.6,856.8,17.2
772,7.5,75.6,1082,20.9
773,NA,75.7,1061,NA
774,5.9,77.1,847.7,11.8
775,4.5,75.7,852.7,12.8
776,NA,77.1,889.3,NA
777,6.9,75.9,915.4,18.7
778,6.9,75.9,1057.1,25.3
779,7.3,75.1,1011.9,20.4
780,5.6,76.9,877.6,15.4
781,6,75.1,1006.2,NA
782,5.7,77.4,935.6,11.7
783,6.3,75,993.9,21.2
784,6.5,75.7,937.4,17.3
785,4.5,77.7,813.9,13
786,5.5,77.3,924.5,16.5
787,5,77.6,854.7,11.8
788,5.4,77.7,771,12.3
789,7.3,77.8,845.7,20.9
790,3.3,78.1,770,6.6
791,9.1,78,829.6,31
792,3.8,79.1,717.9,11.4
793,4.3,79.4,724.6,13.1
794,5.4,78.2,769.5,12.7
795,5.2,77.3,822.8,11.2
796,3.1,79.8,715.6,8.3
797,3.6,77.9,846.4,11.4
798,4.8,78.5,737.7,11.6
799,5.8,79.3,790,14.2
800,5.9,79.2,783,13.8
801,4.8,79.1,741.7,13
802,5.1,77.7,806.6,11.4
803,4.6,77.9,726.8,5.7
804,5.4,77.8,812.8,12.7
805,4.3,78.2,801.3,5.9
806,5.8,78.7,792.1,16.1
807,3.8,78,756.7,15.2
808,5,79.4,740.2,13.6
809,4.5,78.1,829.1,12.9
810,5.7,77.9,853.6,13
811,4.7,78.9,726.1,15.9
812,4.5,78.7,792.8,8.2
813,4.7,78,789.3,13.9
814,6.3,77.8,841.9,19.8
815,4.3,78.9,721.9,11.2
816,5.1,78.6,766.4,14.9
817,3.1,79.4,734.1,12.2
818,4.1,78.9,773.4,9.2
819,4,78.4,778.1,14.9
820,5.1,78.7,787.8,11.4
821,6.3,79.2,781.1,19.9
822,2.9,78.4,802.2,8.5
823,5.1,76.4,917.5,17.2
824,3.7,79.1,763.2,11.4
825,4.6,79.3,703.1,NA
826,5,79.1,781.8,15
827,4.5,78.6,750.9,7.2
828,4.8,78.9,727.7,14.5
829,5.7,78.4,787.7,13.7
830,6.1,77.5,893.2,18
831,4.2,78.9,789.3,10.9
832,3.9,78.7,794.1,19.6
833,3.8,79.2,727.4,10.6
834,6.2,78.2,830.4,10.9
835,5.6,79.4,759.1,14.7
836,5.3,79,815.7,15.8
837,5,78.9,747.7,11.5
838,4.9,78.9,761.1,NA
839,4.4,80.5,671.4,8.3
840,5.8,79,727.1,15.4
841,5.3,79.6,750.3,13.3
842,4.7,78.4,747.6,13.6
843,6.8,76.7,871.2,17.1
844,4.9,79.3,728.6,9.9
845,7.2,79.6,793.2,16
846,6.1,76.9,786.3,21
847,3.6,81.3,708,6.9
848,6.1,78,846.2,10.3
849,5.4,79,755.8,10.5
850,4.4,78.5,773.3,13.9
851,4.8,76.1,976.6,11.1
852,5.3,76.4,881.4,16.4
853,4,79.2,727.2,19.1
854,4,77.5,861.4,16
855,5.6,76.9,857.6,NA
856,7,77,871.4,17.9
857,5,78.4,862.1,12.3
858,2.7,79.3,738,6.1
859,4.4,79.3,790.6,9.9
860,4.7,77,865.8,11.9
861,3.8,78.4,826.2,13
862,4.5,78.5,766,9.4
863,2.8,79.2,773.3,6.5
864,5.1,77.9,782.5,10.5
865,6,76.1,920.1,14.9
866,5.3,78.5,799.3,13.1
867,3.6,77.8,820.1,11.8
868,4.5,78.5,803.8,9.7
869,5,77.3,846.5,10.2
870,4.7,78.9,755.2,12.4
871,3.3,81.3,642.5,9.5
872,3.9,81,663.8,6.9
873,4.2,78.5,794.2,12.4
874,5.4,77.8,766.1,13.5
875,5.1,77.7,857.6,15.6
876,7.8,78,865,20.1
877,6.5,77.1,840.2,21.1
878,5.2,78.8,813.9,11.1
879,5.4,79.6,742.2,8.4
880,5.9,76.9,872.2,18.7
881,4.5,77.5,848.5,16.3
882,3.9,78.9,764.6,9.4
883,2.7,80.8,677,9.2
884,5,77.3,837.5,10.9
885,3.1,77.8,811.3,14.4
886,5,78.6,775.7,10.9
887,5.9,76.4,908.4,14.8
888,6.4,76.7,846.4,23.9
889,6.1,77,870.2,19.4
890,4.5,77.4,921.2,12.1
891,4.6,77.9,812.8,15.9
892,7.2,76.4,928.6,24.1
893,5.8,77,849.3,15.1
894,5.5,77.7,855.9,13.1
895,3.5,78.4,929.2,8
896,NA,75.6,872.7,NA
897,5.7,75.3,986,18.2
898,4.5,78.1,709.9,15.5
899,4.2,78.2,808.1,11.9
900,5.5,77.3,775.5,12.1
901,4.4,78.7,812.4,13
902,4.2,76.7,833.4,11
903,NA,78.2,843.5,NA
904,5.1,75.6,972.9,14.4
905,6.1,75.9,938.8,15.9
906,4.9,78.3,832.1,8.1
907,5.7,77.3,851.7,14.5
908,5.2,77,832.2,16.8
909,4.9,79.3,772.6,8.4
910,3.9,78.2,942,17.4
911,NA,75.6,900.3,NA
912,4.2,78.9,770.3,10.2
913,4.9,77.4,800.1,NA
914,4,77.5,821.8,12.6
915,3.5,76.4,918.7,11.7
916,5.3,76.1,869.6,17.2
917,5.5,74.3,950.9,11.4
918,3.5,77.9,713.9,4.7
919,NA,78.3,784.3,NA
920,4.2,76.6,922.5,15.7
921,3.5,77.8,803.8,10.8
922,NA,77.9,951.3,NA
923,6.1,75.6,948.3,20
924,NA,76.6,763.6,NA
925,5.4,77.4,879,23.1
926,4.4,78.8,763.5,15.6
927,5.1,76.6,801.7,13.1
928,NA,78.2,765,NA
929,6.5,77.3,853.2,19.6
930,5.3,77,825.5,13.7
931,3.3,78.4,753,12.4
932,4.2,80.3,703.8,7.8
933,5.8,76.6,980.2,14.7
934,3.8,77.4,814.3,14.1
935,2.6,78.2,741.2,5.3
936,6.1,75.5,964.2,22.6
937,4.4,77.9,758.8,6.8
938,4.2,77,932,11.7
939,4.1,77.4,861.5,11.7
940,4.6,76.7,941.6,14.2
941,NA,77.9,836.9,NA
942,5.4,78,794.8,12
943,4.8,79,784.4,11.6
944,5,78.4,779.2,12
945,5.2,77.8,786,22.2
946,4.5,77.8,776.7,15.2
947,4.8,76.9,894.9,14.8
948,4.7,78.4,813.1,11.8
949,5.6,75.6,942.5,18.9
950,6,78.4,790.8,20
951,3.1,76.6,872.9,6.4
952,4.4,77.3,751.1,16.9
953,4.9,76.4,894.1,18.8
954,5,78.2,740,15.2
955,4.9,78.3,756.9,16.3
956,5.6,77.6,857.2,24.8
957,6.4,78.4,825.2,NA
958,6.8,77.4,875.5,18.8
959,6.7,77.3,815.4,17.5
960,5.1,78.4,874.8,15.8
961,4.6,77.8,836,11
962,5.4,78.2,806.3,15.5
963,NA,78.1,698.5,NA
964,5.6,77.6,809.4,15.6
965,3,78.7,846.7,9.5
966,6,77.3,839.2,12.2
967,4.3,79.8,729.1,7.3
968,6.1,78.3,824.7,14.8
969,4.7,78.2,833.7,NA
970,5.3,77.4,780.5,16
971,5.3,77.2,822.8,13.6
972,5,77.9,842.4,12.9
973,5.2,76.6,893.3,12.7
974,5.3,77.8,813.2,16.2
975,5.1,75.9,930.4,12.8
976,NA,78.3,814.6,3
977,4.1,78.1,805.3,11.8
978,5.7,78.4,754.3,12.3
979,6,77.3,908.5,NA
980,NA,76.6,814.9,NA
981,NA,76.6,803.7,11
982,5.8,76.2,875.8,14.7
983,4.8,78.1,801,7.5
984,NA,77.9,792.5,NA
985,5.6,77.6,820.9,11.9
986,NA,77.9,862,NA
987,6.2,78.7,756.6,19.4
988,5.9,77.9,668.2,NA
989,5.7,75.6,943.6,22.5
990,NA,76.4,865.7,NA
991,6.3,73.2,1062.5,17.6
992,8.1,75.4,923.1,32.1
993,9.8,74.6,1072.7,30.9
994,5.2,76.2,905.2,13.8
995,7.7,74.7,1101.7,26.5
996,6.9,76.3,935.6,25.4
997,8.1,75,1007.7,29
998,9.7,73.1,1164.5,35.1
999,6.9,77,909.2,15.9
1000,6.1,75,996.7,NA
1001,8.1,74.3,1073.3,27.7
1002,6.9,75.3,1020.8,15.7
1003,6.7,74.2,1050.6,25.5
1004,8.3,72.8,1212.5,33
1005,7.4,76.1,979.5,26.2
1006,6.6,76.3,938.1,18.1
1007,8.2,74.6,1021.1,27
1008,7.2,75.1,1021.3,20.5
1009,6.3,76.9,879.5,23.6
1010,6.6,75.8,1003.6,16.8
1011,NA,74.7,993.6,NA
1012,9.1,73.8,1140,NA
1013,9.4,73.6,1104.3,33.5
1014,8.6,74.8,1021.3,34.3
1015,7.4,74.7,1043.9,21.3
1016,8.3,75.5,981.6,23.9
1017,11.6,72.7,1092.4,43.5
1018,7.9,74,1032.6,31.5
1019,7.4,74.5,1063.1,27.7
1020,7.9,74,1090.2,28.8
1021,6.6,76,913,18.8
1022,6.8,75.2,901.9,24
1023,9.1,73.8,951.7,32.8
1024,NA,73.7,1057.1,NA
1025,5.7,76.3,897.3,13.8
1026,8.3,75.3,1017.6,26.7
1027,10.9,73,1170.1,37.7
1028,5.8,75.9,994.3,18.5
1029,8.1,74.7,1111.9,NA
1030,NA,73.8,1110.4,NA
1031,NA,76.1,917.5,18.5
1032,9.7,74.2,1037.8,28.9
1033,8,75.3,988.3,29.1
1034,7.5,74.1,1070.5,27.9
1035,8.8,77,892.5,36.2
1036,8.3,75.2,1014.5,30.1
1037,6,76.1,979.1,18.9
1038,7.1,76.1,920.7,20.2
1039,9.8,72,1229.9,37
1040,5.1,75,1018.4,16.2
1041,7.9,75.2,1051.6,25.5
1042,7,75.7,1001.2,19.9
1043,8.3,75,1080.9,23.6
1044,7.9,74.7,920.1,23.8
1045,7.3,75.4,1026,21.9
1046,9.8,73.6,1100.9,38.5
1047,6.6,75.3,975.1,17.2
1048,6.1,76.1,947.8,16.5
1049,10,73.6,1104.8,34.5
1050,6.8,76.1,987.5,17.9
1051,10.3,72.8,1013.7,35.4
1052,10.3,73.9,1068.9,32.4
1053,5.7,77,928.5,22.4
1054,8.7,75.1,1055.6,30.9
1055,8.7,72.2,1142.9,29.7
1056,10.1,73.7,1106.3,35.9
1057,11.6,72.7,1124,44.9
1058,10.8,72.5,1192.7,36.2
1059,8,75.4,1090.8,33.1
1060,10.1,74.8,1039.9,21.2
1061,9.5,75.1,1044.5,30.4
1062,8,75.5,981.9,22.1
1063,6.3,75.1,941,30.3
1064,7.2,75.4,944.9,24.5
1065,10.7,73.4,1232.5,47.7
1066,9.1,74.9,1083,27.4
1067,7.5,76.1,949.3,20
1068,9.8,73.8,1162.5,40.5
1069,7.4,75.8,943.8,26.7
1070,6.7,76.8,897.7,22.7
1071,10.4,72.2,1176,41.2
1072,7.1,74.2,1082.2,23.1
1073,7.9,75.3,943.3,22.2
1074,8.8,72.6,1034.4,30.9
1075,6.6,76.1,964.6,21.3
1076,7.6,74,1093.5,31
1077,7.4,74.6,1095.1,31.7
1078,8,75,995.5,25.9
1079,7.8,73.8,929,31.9
1080,8.5,74.9,1028.9,23.7
1081,6.5,75.4,957,18.9
1082,NA,75.3,1005.8,NA
1083,7.8,74.6,1039.4,24.3
1084,6.4,77.4,870.5,9.8
1085,6.7,75,943.7,25.7
1086,10.8,73.6,1262.5,NA
1087,7.9,74.2,1006.5,28.6
1088,10.3,72.4,1254.3,36.3
1089,11.2,72.3,1208.5,37.8
1090,NA,72.6,1167.7,NA
1091,7,75.2,984.8,25.3
1092,6.3,75.3,1001.6,18.4
1093,8.2,73.6,1036.5,33.1
1094,7.5,75.4,955.6,21.8
1095,8.6,75.4,974.5,28.1
1096,6.4,75.9,938,12.7
1097,5.8,76.2,953.3,15.4
1098,7,75.5,996.3,20.5
1099,3.6,75.4,963.6,13.4
1100,7.5,75.4,980,25.5
1101,8,74.9,1093.4,28.2
1102,7.8,75.1,991.9,22.4
1103,NA,73.8,974.3,NA
1104,8.5,74.5,1075.9,26.7
1105,6,75.9,971,18.6
1106,5.3,75.8,953.4,22
1107,9,73.4,1014.4,31.9
1108,5.4,74.9,988.4,20.6
1109,10.7,73.1,1143.8,34.9
1110,10.4,72.6,1306.7,44.6
1111,4.8,76.2,943.3,11.8
1112,5.9,73.4,1072.4,23.9
1113,5.7,74.8,1043.6,19.8
1114,5.3,75,989.7,14.7
1115,7.5,74.6,975.2,26.7
1116,5.3,73.5,1113.1,23.6
1117,6.7,74.3,1004.3,22.7
1118,6.6,73.1,1038,23.3
1119,5,75.6,970.1,15
1120,5.4,74.1,991.1,16.4
1121,5.9,74.3,1013.5,16
1122,4.5,72.5,1122.7,NA
1123,4.5,74.3,896.2,NA
1124,6.7,73.5,1061.2,27.5
1125,4.7,73.8,958.4,22.7
1126,6.1,73.5,1014.6,22.5
1127,5.7,72.6,1058.2,25.2
1128,5,74.9,971.9,13.2
1129,NA,73,1183.1,15.9
1130,4.6,73.9,1149.8,19.7
1131,5.8,73.2,1125.3,24.4
1132,5.5,71.6,1125.7,24.2
1133,7.3,74.1,1101.1,24.1
1134,5.3,74.8,977,21.5
1135,5.9,73.2,1104.7,23.7
1136,5.8,73.4,1055.5,22.9
1137,5.3,75.1,959.1,16
1138,6.3,73.5,1069.8,18.8
1139,5.1,75.7,939.9,14
1140,5.7,75.6,911.3,17.8
1141,5,74.1,1088.8,18.1
1142,5.1,76.7,853.1,14
1143,6,74.7,1009,18.2
1144,4.5,71.6,1235.5,NA
1145,6.4,72.8,1088.7,24.3
1146,4.8,73.7,1040.5,19
1147,5.5,71.8,1101.7,16.5
1148,5.3,74.2,1007.4,16.4
1149,7.5,74,1050.9,24.7
1150,5.3,73.9,988.3,17
1151,6,73.6,1077.6,20.5
1152,6.3,73.1,1104.1,NA
1153,6.7,72.5,1099.5,23.4
1154,6,73.9,1006.7,24.9
1155,5.9,73.5,1133.9,19.3
1156,4.4,75.6,934.1,16.4
1157,6.5,73.9,976.7,NA
1158,7.3,75.6,987.6,19.7
1159,5.3,74.3,1033,18.2
1160,6.3,74,1009.5,21.7
1161,7.3,74.8,992.4,26.1
1162,5.6,73.8,1053.8,23
1163,4.8,76.2,929.5,12.7
1164,4.9,72.9,1122.7,19.3
1165,5.4,73.5,1128.3,NA
1166,5.9,74.6,962.6,19.9
1167,4.1,73.8,1076.5,18.6
1168,6,75.6,930.4,20.5
1169,5.1,74.3,1037.2,13.7
1170,7.2,71.6,1147.1,25
1171,5.3,73.8,1090.6,16.7
1172,5.1,74.9,1012,19.1
1173,4.4,73,1041.7,24.3
1174,4.5,73.9,898.8,NA
1175,7.8,73.4,1093.7,25.4
1176,6.8,77.2,859.1,15.1
1177,6.6,77,889.3,20.4
1178,5.9,78.3,810.5,10.8
1179,5.1,77.7,831.5,10.1
1180,5.4,77.4,851.1,14
1181,6,77.2,857.3,15.9
1182,6.2,78.1,835.8,14.1
1183,5.6,78.3,764.8,9.8
1184,6.2,76.9,882.5,16.6
1185,6.7,76.6,892.5,16.5
1186,6.4,76.5,940.1,17.3
1187,6.2,78.8,792.6,10.9
1188,7.4,76.5,910.1,19.6
1189,6.1,77.3,867.9,13.7
1190,6.5,75.6,966.8,20.6
1191,6.1,78.2,761,12.1
1192,6.8,76.3,898.8,18.9
1193,5.9,76.9,874.8,12.4
1194,6.1,76.9,862.3,14
1195,5,77.4,865.2,9.1
1196,7.7,74,998.8,17.1
1197,5.5,77.9,861.5,11.9
1198,7,75.1,968.5,12.7
1199,5.6,76.6,923,9.7
1200,6.1,74.8,994.8,15.5
1201,5.3,78.3,812.3,8.5
1202,5.5,77.2,855.9,18.3
1203,6.1,77.4,851.3,13.5
1204,4.5,79.7,702.7,7.2
1205,6,77.4,865.2,16.8
1206,4.8,81.3,597.2,8.6
1207,5.3,75,927.3,10.8
1208,4.9,77.4,839.4,11.4
1209,5.8,76.7,878.4,12
1210,6.5,75.2,1030.3,19.5
1211,5.5,78.5,770.4,11.9
1212,6.1,77.1,873,14.7
1213,5.6,75.3,942.1,15.3
1214,5.2,76.1,850.9,12.3
1215,6.6,68.6,1232.4,18.5
1216,5.2,79.4,706.3,11.3
1217,6.2,78.4,819.2,11.6
1218,6.8,77.8,841.1,15.7
1219,5.1,79.4,785.2,8.5
1220,5.6,78.5,785.2,13.9
1221,6.1,78.5,767.7,12
1222,6.7,76.7,863.4,16.5
1223,6.5,79,750.4,11.1
1224,5.3,79.3,738.7,10.7
1225,4,79.4,857.9,10.1
1226,5.4,79.5,741,9.9
1227,6.1,77.6,856.5,12.1
1228,5.9,76.5,861.1,15.4
1229,6.3,77.8,826.9,13.6
1230,4.9,77.1,925.7,18.6
1231,NA,76.6,855.2,NA
1232,5.1,77.2,832.7,10
1233,5.7,77,847.6,18.1
1234,7.3,77.6,853.2,18.2
1235,4.1,75.3,950.4,NA
1236,NA,76.4,980.2,NA
1237,5.3,76.8,860.1,17.8
1238,7.9,77.5,829.4,15.9
1239,4.9,80.2,815.8,7.1
1240,6.2,76.3,851.6,15.9
1241,7.3,76.8,857.2,15.9
1242,8,74.8,955.4,15.7
1243,5,76.4,871.1,13.8
1244,6.7,78.3,809.9,18.5
1245,7.2,77.2,861.2,12.2
1246,5.5,77.9,803.2,21.8
1247,7,74.5,977.1,28.1
1248,6.6,78.7,788.4,11.7
1249,4.8,75.8,907.7,12.5
1250,6.7,77.7,800.4,17.1
1251,5.2,78,805.9,15.5
1252,5.2,78.6,776.1,10.9
1253,3.9,78.8,789,15.2
1254,7,74.7,955.6,15.3
1255,5.5,76.2,928.3,21.3
1256,NA,76.9,869.2,15.1
1257,6.1,79,730,10.9
1258,7,77.1,891.5,16.2
1259,5.6,76.1,907.8,18.6
1260,5.4,77.4,876.1,18.4
1261,7.3,77.4,877.8,16.2
1262,6.2,77.6,814.7,12.5
1263,6.9,77.2,864.2,16.3
1264,7.6,77.1,895.2,24.5
1265,NA,76.4,895.6,NA
1266,5.6,77.6,854.3,10.8
1267,6.9,76.5,886,17.1
1268,5.6,77.5,848.5,12.6
1269,5.6,76.8,886.7,NA
1270,6.1,78,780.8,10.2
1271,NA,77.4,776.8,NA
1272,NA,74.6,1048.4,NA
1273,6.3,77,878.7,13.6
1274,6.6,80.2,693.4,13.7
1275,5.4,77.3,861.9,12.3
1276,5.2,78.1,784.2,8.6
1277,NA,76.6,957.3,NA
1278,3.8,76.6,900.4,7.3
1279,6.9,77.4,831.4,13.9
1280,NA,77.5,914.9,NA
1281,6.6,77.2,886.8,12.5
1282,6.2,76.6,861.7,16.7
1283,7.5,77,845.5,21
1284,8.3,77.2,860.3,13.4
1285,6.4,78.8,755.7,10.1
1286,5.9,76.8,860.9,9.6
1287,7,76.8,879.1,13.4
1288,6.6,75.6,915.9,21.7
1289,NA,75.8,933.1,NA
1290,6.2,75.7,894.6,13.6
1291,7.6,76.2,895,16.2
1292,6.2,78.2,777.6,12
1293,NA,77,855.1,20
1294,5.2,75.3,983.9,18.5
1295,NA,76.9,914.6,NA
1296,NA,74.6,938.2,21.2
1297,NA,77.1,856.2,NA
1298,5.3,77.6,842,9.8
1299,5.7,79.9,677.8,8.9
1300,NA,75.8,839,NA
1301,6.8,75.8,923.5,20.7
1302,6.2,76.5,893.2,18
1303,7.6,76.5,872.5,13.6
1304,6.5,75.8,893.9,23.2
1305,7.1,76,875.9,17.4
1306,NA,76.6,946.8,NA
1307,6.2,76.7,892.9,18.9
1308,5.9,76.2,861.7,14.3
1309,6.4,76.6,880,16.7
1310,5.2,78.5,770.4,7.4
1311,7.1,73.4,1004.1,17.8
1312,7.2,75.8,891.9,17.8
1313,5.1,77.5,783.8,21.3
1314,6,79.1,730.4,9
1315,5.5,77.2,841.4,14.9
1316,5.5,76.5,852.4,14.3
1317,5.4,77.4,894.4,12
1318,NA,78.7,876.8,NA
1319,6,79.3,742.3,12.4
1320,5.2,80.1,698.6,12.4
1321,7,77.9,821.1,17.2
1322,5,81,612.5,9.4
1323,4.7,76.2,854.1,10.3
1324,3.8,79.1,709.5,11.8
1325,5.3,78,865.3,12.3
1326,5.4,79.2,738.7,9.4
1327,5.3,76.8,906.3,10.2
1328,NA,77.8,645.9,NA
1329,6,78.9,718.9,10.9
1330,4.7,79.2,721.3,12
1331,5.1,80,706,9.8
1332,4.7,79.8,715.5,9.5
1333,4.9,80.5,676.6,12.9
1334,4.5,79.8,740.5,14.7
1335,4.7,79,756.5,8.8
1336,5.9,79.2,756,15.9
1337,4.9,78.5,788.6,11.5
1338,NA,78.7,762,NA
1339,5.2,78.8,733.5,9.1
1340,4.4,79.4,708.8,8.7
1341,6.6,78.1,793.9,14.1
1342,6.6,79.2,742.8,18
1343,5.4,78.2,825.7,13.5
1344,4.3,80.3,693.2,4.2
1345,4.5,77.5,828.7,15.1
1346,4.4,79.8,712,12.7
1347,NA,78.1,848.8,NA
1348,4.4,78.2,848.4,13.5
1349,3,79.5,746.3,12.2
1350,5.4,77.8,819.7,13.3
1351,NA,78.2,756.8,NA
1352,5.3,79.2,742.8,13.8
1353,NA,80.3,785.7,NA
1354,4.9,79.4,736.7,9.3
1355,4.8,79.7,713,8.6
1356,NA,76.8,856.8,NA
1357,6.1,78.3,746.1,15.9
1358,7.6,79.5,716,16.4
1359,4.8,78.8,758.5,12.3
1360,5.8,77.5,864,12.9
1361,6.1,78.5,757.4,19.6
1362,6.5,79.8,690,15.6
1363,3.8,80.3,663.8,7.1
1364,4.3,81.1,651.2,9
1365,4.4,80.3,661.8,12.3
1366,NA,76.8,868.2,NA
1367,4.4,80.7,629.2,6.4
1368,5.6,78.9,755.9,13.7
1369,5.7,78.3,819.7,11.4
1370,5.8,77.7,820.5,16.3
1371,4,80.3,749.4,12.3
1372,5.3,78,830.9,15.7
1373,5,79.4,786.9,NA
1374,5.5,78,750.8,10.8
1375,NA,78.3,808.3,NA
1376,5.6,78.9,784.1,16.5
1377,5,79.1,806.4,19.3
1378,5.5,79.4,767.3,10.8
1379,NA,80.3,757.7,NA
1380,5.8,78.1,795.2,NA
1381,5.7,77.8,837.3,12
1382,4.3,79.2,755.6,6.7
1383,4.7,78.2,829.4,10.7
1384,NA,79.2,741.9,NA
1385,4.8,80.8,614,9.2
1386,4.4,79.8,750.1,8.4
1387,5.6,78.7,672.4,14.8
1388,6,79.4,718,22.7
1389,5.7,79.7,760.7,15.5
1390,NA,78.7,709.1,NA
1391,6.6,79.4,744.5,17
1392,6.4,78.1,881.4,11.4
1393,5.1,79.8,741.8,6.9
1394,5.1,79.8,764.5,8.3
1395,4.4,78.9,714.2,10
1396,NA,78.7,805.7,NA
1397,5.6,79.4,748,8.8
1398,5.2,78.9,767.2,8.4
1399,4.6,79.5,719.5,18.9
1400,7.2,72.6,1080.1,27.1
1401,7.5,73.8,1080.2,22.4
1402,8.1,74.2,922.6,25.4
1403,7.7,72.7,1054.1,30.1
1404,7.8,73.6,1077.2,NA
1405,6,71.4,1184.9,19.6
1406,8,74,962.2,26.7
1407,6.5,72.1,818.5,NA
1408,7.4,73.6,981.8,31.6
1409,6.8,75.3,871.9,NA
1410,7.4,71.9,1083.4,22.5
1411,8.7,74.7,929.8,26.9
1412,5,73.6,1024.1,21.1
1413,6.1,70.1,1223.1,22.1
1414,8,72.7,1018,28.3
1415,8.4,72.5,1108,30.3
1416,6.7,74.8,1035.3,16.2
1417,7.8,73.3,1114.2,20.6
1418,7.2,71.9,1004.5,NA
1419,7.5,73.6,1113.1,20
1420,8.2,73.6,999.9,30.8
1421,8.5,71.9,1145.1,31.2
1422,7.2,74,1017.2,24.7
1423,7.3,73.4,1074.2,19
1424,6,73.5,920.1,19
1425,7.2,72.1,1226.5,26.3
1426,4.5,72.1,1178.7,16.5
1427,NA,72.1,814.4,NA
1428,6.8,73.3,1081.9,27.3
1429,6.6,74.2,1068.9,18.8
1430,7.7,73.9,970.2,26.2
1431,NA,71.9,1114.5,NA
1432,8.1,72.5,1068.6,30.1
1433,6.6,74.3,1013.1,21.4
1434,6,74.1,874.5,NA
1435,5.7,75.5,953.2,15
1436,5.7,75.8,956,16.2
1437,6.4,73.1,1114.4,19.2
1438,9.3,73.4,1061.8,30.3
1439,5.4,72.7,1077.6,25.7
1440,6.5,74.4,1023.1,22.4
1441,7,72.5,1154.8,23.2
1442,6.3,72.9,1147.6,20.9
1443,6,74.8,910.4,23.4
1444,4.7,73.7,1301.5,13.8
1445,9,72.2,1206.1,26.3
1446,6.8,72.2,1149.5,24.2
1447,7.3,74.4,938.9,25.8
1448,6.5,72.9,1004.5,31.8
1449,6.8,73.7,1018.8,30.1
1450,8,73.9,1026.2,26.1
1451,NA,74.1,1028.7,NA
1452,5.8,76,936.2,14.9
1453,6.4,71.9,1062.1,26.4
1454,7.9,74.4,1010,23.1
1455,8,72.7,1142.7,NA
1456,8.4,73.2,1047.3,30.2
1457,7.7,75.6,930.5,25.2
1458,7.9,75.9,871.7,24.1
1459,5.3,71.2,1150.5,NA
1460,6.2,76.1,870.9,18
1461,7.7,72.7,995.2,28.3
1462,NA,72.1,1177.6,NA
1463,8,72.1,1096.8,27.9
1464,8.5,73.9,998.1,33.9
1465,6.6,72.7,1269.7,27.4
1466,5.9,71.1,1168.1,21.2
1467,7.2,71.2,1025.9,NA
1468,7.1,73.4,1047,23.7
1469,8.1,73.6,1093.5,29.5
1470,9.9,73.3,1119.2,32.7
1471,7.3,71.2,1283.1,NA
1472,5.7,75.8,945.9,21.6
1473,7.9,73.4,1048.3,28
1474,6.6,73.2,1115.4,21.4
1475,7.2,71.1,1149.7,25.2
1476,8.1,74.7,1068.8,30.7
1477,6.8,72.9,1072,23.4
1478,5.9,74.2,1205.1,23.5
1479,7.1,75.3,956.5,25.7
1480,5.8,74,1041.7,24.2
1481,6.4,72.3,1108.1,25.4
1482,5.8,77.9,904.1,14.3
1483,5.6,77.8,813.8,16
1484,6,77.8,833.9,20.4
1485,6.5,76.9,904.8,20
1486,8.9,75.3,952.8,27.4
1487,5.2,76.4,856.9,NA
1488,7.3,75.3,973,20.9
1489,8.8,75.3,988.8,29.1
1490,6.1,74.9,934.5,NA
1491,5.6,78,823.3,12.1
1492,6.2,75.9,922,16.3
1493,8.7,73.5,1065.3,30.2
1494,6.1,75.6,894.5,22.6
1495,6.5,75.8,929.7,14.4
1496,6.1,77.2,870.9,18.8
1497,5.9,77.2,878.9,14.9
1498,5.2,75.6,892,19.8
1499,NA,74.9,1200.9,NA
1500,5.3,77.3,890.1,14.8
1501,7.3,76.4,950.4,NA
1502,5.7,76.5,877.5,24.2
1503,5.3,77.5,888,13.6
1504,6.4,76.1,897.3,NA
1505,5.8,77.1,863.8,12.1
1506,4.5,75.9,948,10.3
1507,4.5,76.5,884.3,12
1508,5.5,77.6,867.7,16.8
1509,8.4,75.8,964.4,24.5
1510,NA,76.4,976.1,NA
1511,9.1,75.3,970.8,NA
1512,7.3,75.6,968.7,25
1513,5,77,910.6,11.7
1514,8.1,75.8,989.8,25.7
1515,NA,75.2,890.7,NA
1516,8.1,72.7,1158.2,23.4
1517,5.3,75.9,961.4,17
1518,5.8,75.7,912.7,25.6
1519,5.7,77,905.8,25.3
1520,7,76.7,901.6,15.9
1521,6.8,76.7,924.1,19.7
1522,7.5,77,855.4,26.8
1523,7.9,75.8,969.7,28.4
1524,NA,75.3,965.6,NA
1525,6.4,77.8,807.3,17.8
1526,6.2,77.6,842.8,19
1527,9.5,75.4,992.1,25.8
1528,9.6,73.3,1280.8,NA
1529,6.2,75.2,911.6,16
1530,5.4,75.5,973.8,14.2
1531,6.4,75.4,1024,14.1
1532,6.2,77,894,16.1
1533,5.5,76.1,948.1,20
1534,7.2,75.6,968.5,21.5
1535,4.5,76.2,951.3,17.5
1536,7.2,75.8,937.2,23
1537,6,76.5,897.3,21.8
1538,8.8,76.3,949.4,23.2
1539,6.4,75.8,909.4,20
1540,6.9,76.5,872.1,21.1
1541,4.6,75.3,1020.8,14
1542,7.3,75.8,929.3,20.2
1543,6.1,73.3,1026.1,25.6
1544,4.1,75.8,983.9,NA
1545,6.6,75.9,919.5,17.4
1546,7.1,76.7,797.2,25
1547,6.2,75.8,978.9,19.6
1548,NA,72.7,1109.6,NA
1549,4.1,75.4,885.3,13.9
1550,5.9,76.5,886.6,25.1
1551,5.4,75.7,957.5,NA
1552,6.2,75.4,983.5,18.4
1553,8.9,72.7,1119.6,25.2
1554,5.9,76,945.9,18.2
1555,5,79.3,771.2,15.6
1556,9,74.3,1014,NA
1557,5.7,75.8,866.6,18.5
1558,7.3,75.2,1005.1,NA
1559,8,70.9,1185.3,29.5
1560,5.9,77.3,853.3,18.8
1561,5.9,75.5,909.6,15.7
1562,6.7,75.4,962.8,21.5
1563,6.7,76.3,899.4,19.9
1564,4.8,78.6,815.4,10.3
1565,8.6,75.8,943.8,20.7
1566,6.8,75.2,1076.4,19.3
1567,5.6,76.7,953.9,17.6
1568,4.6,76.3,852.9,19.3
1569,7,74.8,1034.6,24
1570,7.2,75.6,971.4,17.2
1571,NA,74.9,985.7,NA
1572,7.6,74.3,1036.7,22.9
1573,5.8,78.2,814,9.4
1574,7.2,75.8,916,NA
1575,6.2,77.3,828.3,21.3
1576,8.5,73.6,1109.5,24.3
1577,5,77.4,847.8,12.1
1578,7.5,75.3,929.6,20.3
1579,6.2,76.1,935.2,NA
1580,NA,76.1,949.8,NA
1581,8.4,74.9,958,21.9
1582,NA,74.9,922.3,NA
1583,4.2,76.5,854.2,14.7
1584,7.1,75.2,960.9,22.2
1585,7.3,76.7,812.1,20.9
1586,8.9,76.7,939.7,NA
1587,6.4,76.7,903.3,17.4
1588,9.2,74.9,912.8,30.7
1589,8.2,75.3,977.2,20.3
1590,6,75.9,881.2,12.3
1591,9,73.4,1093.9,31.6
1592,8.7,74.9,1009.5,28.7
1593,6.5,76.5,898.2,14.5
1594,4,77,887.8,NA
1595,6.7,75.2,992.4,24.1
1596,6.6,70.8,1114.9,18.8
1597,5.7,77.7,827.7,11.8
1598,5.8,72.8,1119.6,17.2
1599,5.9,76.8,970.7,17.4
1600,6.6,77.7,825.4,24.5
1601,3.4,79.3,778.7,10.3
1602,NA,77.5,833.5,NA
1603,5.8,76.9,848,14.2
1604,4.9,76.8,771.4,16.9
1605,4.8,77.5,944.4,14.1
1606,5,75.8,809.2,14.4
1607,5.6,77.5,775.9,17
1608,7.5,77.8,997,18
1609,3.2,77.5,800.9,20.4
1610,5,76.4,874.6,13.2
1611,5.7,77.3,870,12.9
1612,4,79.3,712.5,8.1
1613,NA,75.8,813.5,NA
1614,6.6,74.4,1092,18.2
1615,NA,76.4,698.4,NA
1616,6.7,77.8,917.5,17.4
1617,5,76.9,886.4,14.6
1618,4.8,77.7,965.2,10.3
1619,6.5,76.9,695.2,15.5
1620,5.6,75.6,861.2,14.6
1621,5.7,77.7,854.1,12.1
1622,5.6,76.9,672.1,10
1623,6.7,76.1,924.6,21.4
1624,NA,75.8,749.6,NA
1625,4.2,77.7,845.6,10.2
1626,5.3,76.4,990.6,18.3
1627,8.1,76.1,1024,17.7
1628,5.2,78.3,791.9,9
1629,4.5,76.4,977.2,13.5
1630,5.4,79.3,813.9,12.4
1631,NA,75.8,604.7,NA
1632,4.7,76.8,875.8,16.2
1633,5.4,74.4,915,17.2
1634,NA,77.5,883.8,NA
1635,6.4,77.8,887.7,15.6
1636,NA,77.5,707.6,NA
1637,5.9,77.8,761.5,12.8
1638,5,77.5,899.6,13.3
1639,6.5,75.8,1072.2,19.5
1640,5.5,72.8,1065,14.6
1641,5.7,76.1,865.1,14.2
1642,5.1,75.8,812,13.6
1643,5.7,75.4,974.7,16.6
1644,4.2,79.3,791.4,12.5
1645,5,79.3,731.5,11.1
1646,4.6,74.4,831.5,14.3
1647,4.9,76.9,872.8,12.7
1648,NA,72.8,642.3,NA
1649,4.1,76.8,911,13.2
1650,4.5,76.4,809.2,12.7
1651,NA,77.5,1026.1,NA
1652,5.7,77.9,811.5,12.6
1653,4.7,78.2,721.9,14.7
1654,5.8,78.7,712.3,16.4
1655,NA,78.4,818.9,NA
1656,NA,76.4,775.9,NA
1657,NA,78.3,778.5,NA
1658,4.2,78.7,689.2,12.6
1659,3.9,78.3,871.9,14.9
1660,3.6,79.5,749.4,16.9
1661,4.5,79.5,710.8,17.5
1662,4.3,79.4,772.5,10.1
1663,5,77.4,888.1,15
1664,6.5,78.9,852,16
1665,5.6,78.5,857.9,12.7
1666,3.8,79,739.2,10.2
1667,5.1,77.5,833.3,14.8
1668,4.6,78.4,775.4,11.8
1669,6.3,76.4,894.2,19.7
1670,3.5,77.8,861.9,12.1
1671,4.1,80.1,706.8,13
1672,3.9,80.1,714,11.4
1673,5.6,78.4,812.5,15.9
1674,5.5,77.4,954.1,14.2
1675,4.8,78.3,838.8,10.2
1676,4.6,76.9,836.8,17.1
1677,5.2,76.4,862.9,NA
1678,5.2,79,709.6,14.2
1679,5,78.3,812.3,15.3
1680,5,76.8,858.9,11.8
1681,3.1,77.5,792,NA
1682,4.5,79.2,823.5,9.4
1683,5.7,77.7,867,16.4
1684,4.9,77.7,735.1,16.1
1685,5.6,77.7,891.2,15.2
1686,6.2,77.4,828.7,17.2
1687,NA,76.4,952.3,NA
1688,4.3,78.3,834.6,15.1
1689,3.9,76.9,780.1,13.9
1690,NA,78.4,774.4,NA
1691,5.3,78.3,732.5,NA
1692,5.1,77.2,826.1,16
1693,4.2,79,821.3,14.9
1694,7.7,77.7,754.7,NA
1695,NA,77.7,630,NA
1696,7.8,77.5,820.5,23.1
1697,3.6,79.5,729.3,12.4
1698,NA,78.4,783.7,NA
1699,5.1,78.3,764,15
1700,5.5,78.7,758.8,12.8
1701,4.8,77,768.9,19.6
1702,4,76.9,814.4,16.6
1703,5.8,77.5,848.9,19.9
1704,NA,79.5,704,NA
1705,5.3,76.4,842.5,12.8
1706,5,79,795.3,13.3
1707,4.6,79,759.1,9.5
1708,5.6,77.7,812.9,14.4
1709,NA,78.4,982.4,NA
1710,NA,78.3,689.6,NA
1711,NA,78.4,413.8,NA
1712,4.6,78.7,783.9,15.1
1713,4.6,79,805.2,17.7
1714,4.3,76.4,960.5,13.5
1715,3.4,78.7,942.5,8.7
1716,4.9,77,855.9,18.1
1717,5.2,77.8,803.2,12
1718,3.5,77,819,14.2
1719,3.1,77,857.7,15.6
1720,4.7,77.5,769.4,12.9
1721,4.7,76.9,792.9,12
1722,4.9,77.4,802.5,7.6
1723,4.7,79.2,750.4,12.6
1724,4.2,79,717.2,18.2
1725,5.8,77.7,778.4,16.9
1726,5.9,77,924,17
1727,NA,79.5,712.2,NA
1728,3.8,78.7,810.8,10.5
1729,4.8,78.2,868.1,9.3
1730,5.3,78.5,745.8,12.6
1731,6.2,77.4,883.1,17.8
1732,3.9,78.9,776.5,10.8
1733,6.5,78.3,847.9,16.9
1734,5.2,78.3,794,15.1
1735,NA,78.3,488.4,NA
1736,4.3,80.1,709.4,10.5
1737,5.2,77.8,805.6,16.8
1738,NA,78.4,714.9,NA
1739,4.1,77.4,1152.1,13.9
1740,6.9,78.3,735.9,23.1
1741,6,78.3,797.3,13.2
1742,2.7,77.4,624.9,5.8
1743,5.2,77.8,826.3,16.3
1744,NA,78.3,893.7,NA
1745,5.1,79.2,737.8,17
1746,5.7,75.5,929.3,14.1
1747,6.5,75.7,924.7,16.7
1748,6,79.8,679.5,12.1
1749,6.3,77.7,865.3,14.7
1750,NA,75.5,923.1,NA
1751,NA,75.7,923.4,NA
1752,6.4,75.7,927.2,14.3
1753,8.3,75.7,1037.6,NA
1754,5,74.5,932.6,15.6
1755,7.1,75.5,993.1,15.9
1756,7.4,75.5,1092.6,23.1
1757,8,74.5,1004.6,19.6
1758,7.1,75.7,850.1,13.2
1759,NA,76.2,552,NA
1760,6.4,76.2,898.7,13.2
1761,7.7,75.7,988.8,17.6
1762,6.8,75.3,994.7,20
1763,5.9,77.8,828.7,11.5
1764,5.6,78.1,743.3,11.6
1765,5.4,78,817,10.5
1766,6,76.2,901.6,15.7
1767,4.8,78.7,745.9,9.5
1768,5.3,78.4,772.9,9.8
1769,5.6,78.2,784.1,11.2
1770,5.4,78.6,757.5,9.7
1771,5.8,78.1,791.7,12.2
1772,6,77.3,824.6,11.9
1773,6.2,75.5,981.1,16.7
1774,5.3,79.9,691.3,11.7
1775,5.7,77.6,861.4,11.9
1776,6.3,75.8,921.3,17.3
1777,6.6,76.6,869,15.9
1778,6.7,74.7,992.8,19
1779,5.2,74.7,899.8,17.7
1780,6.5,76.7,962.7,13.6
1781,6.1,76.7,807.2,19.5
1782,4.6,79.5,717,8.9
1783,5.7,77.1,797.4,14.5
1784,5.4,78.3,740.4,12.5
1785,5.5,77.6,832.2,10.7
1786,4.9,79.3,750.5,9.8
1787,6.7,77.8,797.5,17.3
1788,6.1,77.1,818.4,20.5
1789,6.2,75.3,963.9,18.3
1790,4.7,79.5,751.5,9.5
1791,5.4,77.6,836.5,13.5
1792,5.2,77.7,776.2,15.6
1793,6.5,78,802.9,15
1794,6,77.7,814.8,14.3
1795,5.6,77.4,685.1,17.4
1796,6.7,76,917.6,23.3
1797,6.6,76.1,902.5,21.3
1798,7.8,78.4,774.6,17.7
1799,6.1,76,916,19.3
1800,6.7,77,785.3,15.5
1801,6.1,78.5,782.1,20.8
1802,6.6,75.2,975.1,21.6
1803,7.1,76.6,836.3,20.7
1804,NA,77,869.1,NA
1805,NA,78.4,652.3,NA
1806,7.2,76.6,829.2,NA
1807,6.3,75,968.4,23.3
1808,5.7,76.8,745,16.3
1809,5,79.6,648.3,8.6
1810,7.4,76.6,844.2,29.3
1811,5.5,74.5,955.7,19.2
1812,8.2,78.4,797.5,24.8
1813,6.5,77.7,855.8,17.6
1814,8,77,952.8,24
1815,6.8,74.2,914.1,21.4
1816,6.4,77,826.3,19.2
1817,6.1,79,711.3,14.9
1818,6.5,76.4,867.9,17.6
1819,8.1,75.8,895.2,22.5
1820,5.4,79.6,680.2,13.3
1821,8.2,76.8,952.7,28
1822,7.8,77.4,879,17.8
1823,6.5,78.7,743.4,18.7
1824,6.4,77.4,884.4,18.9
1825,4.7,78.4,970.4,11.5
1826,7,76.1,855.1,18
1827,5.1,77.7,817.7,12.7
1828,6.8,77.1,891.6,17.4
1829,7.4,75,884.6,24.7
1830,6.8,77.7,807.9,15.5
1831,6.7,76.2,885.9,21.8
1832,7.7,78.4,774,17.4
1833,7,77.7,857.9,16.4
1834,7.7,77.1,863.3,21.1
1835,6,77,877.8,19.6
1836,6.6,77,871.8,14.5
1837,5,77.4,851.5,14.2
1838,6.8,77.1,880.9,22.2
1839,7.1,77.9,820,16.4
1840,5.5,78,798.9,10.9
1841,6.4,76.9,856.2,13
1842,5.5,77.2,843.7,17
1843,6.9,77,849,18.7
1844,5.9,77.5,821.9,15.9
1845,4.3,77.8,836.9,11.1
1846,6.4,76.5,920.8,18.3
1847,NA,77.2,875.6,NA
1848,6.1,77.8,853,15
1849,6.2,77.6,826.7,12.1
1850,6.2,76.7,765.3,20.6
1851,4,78,791.4,16.5
1852,6.1,77.6,841,12.3
1853,6.7,78.1,828.9,12
1854,5.8,78.2,772.7,13.9
1855,6.3,78.2,843.7,14.4
1856,5.3,79.2,723.1,13.8
1857,6.5,78,707.5,20.2
1858,7.4,76.7,894.1,15.4
1859,7.3,77.4,851,18.7
1860,5.9,77.6,801.8,12.3
1861,4.9,77.9,816.6,7.4
1862,5.6,77.4,828,13.1
1863,7.7,76.8,881.6,22.8
1864,5.7,76.5,914.6,15.2
1865,5.9,78.5,811.2,14.2
1866,5.2,79,751.3,10.4
1867,5.6,79,673.9,18.9
1868,7,76.8,888.1,12.2
1869,6.6,77,839.9,17
1870,5.8,79,771.2,17.3
1871,5,76.5,927.9,12.7
1872,5.6,79,748.9,13.5
1873,5.8,77.9,803.3,12.9
1874,4.4,77.3,813.4,11.6
1875,NA,77.1,868.1,NA
1876,5.9,78,831.6,NA
1877,7.4,77.1,887.7,15.3
1878,6.1,77.9,818.2,14.8
1879,6.5,75.4,941.3,13.7
1880,5.5,78.3,787.3,9.2
1881,5.8,79,749.6,9.8
1882,6.9,77.5,822.7,16.6
1883,5.1,77.8,793.8,14.7
1884,6.4,77.5,899.1,17.7
1885,6.9,77.3,855.3,15.7
1886,5.5,79.5,695.6,13.5
1887,4.8,77.9,847.1,15.8
1888,5.8,77.1,896.3,NA
1889,6.6,75.9,900,17.9
1890,6.4,76.2,901,18.7
1891,7.8,76.1,910.2,NA
1892,6,73.3,1014.4,27.7
1893,6.3,76.5,881.5,24.1
1894,7.4,76.1,934.5,25.5
1895,8.2,74.2,1011.1,26.6
1896,7.8,73.2,1158.5,NA
1897,7.8,73,1136.4,32.8
1898,6.4,75.8,868.9,20.8
1899,5.6,76.4,875.6,16.7
1900,7.4,76.2,884.7,26.5
1901,5.6,76.3,930.8,20.3
1902,6.7,75.8,953,21.9
1903,NA,75.1,946,NA
1904,5.4,76,946.2,15.7
1905,6,74.2,1021.4,24.2
1906,5.8,75.6,922.1,15.9
1907,4.4,77.3,816.8,11.7
1908,6.9,75.8,904.6,21.4
1909,5.9,74.8,946.8,NA
1910,5,75.8,787.7,NA
1911,6.3,74.4,984.7,25.1
1912,7.8,72.7,1107,26
1913,5.1,75.5,949.4,17.5
1914,5.6,74.3,1007.4,14.2
1915,8,75.1,987.6,25.1
1916,4.8,77.1,857.9,10.9
1917,6,76.4,931.7,22.4
1918,5.6,76.4,899.4,19.8
1919,6.8,73.6,1044,25.3
1920,5,75.6,874.3,14.2
1921,5.6,72,1148.4,32.8
1922,5.6,76.4,883.9,14.4
1923,5.7,74.9,993.7,21
1924,6.5,73.9,1036.1,24.1
1925,6.2,74.8,1056.5,NA
1926,7,75.8,966.4,NA
1927,5.2,74.8,988.7,16.7
1928,3.7,73.2,948.4,22.8
1929,5.5,76.7,845.7,14.7
1930,6,73.5,1037.4,27.7
1931,4.8,74.9,959,16.4
1932,6.9,76.9,873.3,25.2
1933,6,78,785.4,17.6
1934,7.1,72.6,1084.1,26.2
1935,4.9,74,1075.8,17
1936,NA,73.2,947.6,NA
1937,5.3,75.9,897.1,18.3
1938,5.1,76.5,896.8,16.5
1939,6.7,75.1,942.6,21.8
1940,NA,73.6,1023.1,NA
1941,5.8,74.5,938.2,19.8
1942,6.9,73.2,1114.6,22.8
1943,5.6,75.9,942.7,20.1
1944,7.2,78.2,774.3,25.4
1945,7.2,77.8,800.9,19.7
1946,5.8,77.5,883.9,24
1947,6.1,71.2,1336.5,21.8
1948,4.9,76.9,848.6,13
1949,7.7,76.1,961.7,NA
1950,6.2,75.6,914.5,30.8
1951,4.2,77.7,771.2,16.1
1952,5.5,74.5,1022.8,21.2
1953,5.3,76.9,864.7,14.5
1954,6.6,73.9,1029.2,29.2
1955,5.4,75.2,945.2,12.7
1956,4.7,77.9,788.6,10.3
1957,NA,74.2,885.4,12.7
1958,5.4,75.1,967.7,22.9
1959,8.1,76.3,871.4,20.6
1960,NA,74.8,937.7,12
1961,5.7,75.2,990.9,21.6
1962,5.3,74.7,966.8,15.9
1963,6.3,78,810.9,16.7
1964,5.6,76.8,885.2,17
1965,6.9,73,1118,30.8
1966,7.2,71.5,1179.6,28
1967,7.1,75,982.9,22
1968,6.9,75.3,908.9,22.2
1969,7,74.7,975.5,22.6
1970,6,74,1044.4,23.9
1971,5.8,72.2,1062,33.6
1972,6.4,75.2,958.4,21.5
1973,5.5,76.3,955.8,19.1
1974,7.2,75.9,904.7,25.9
1975,8.5,75.8,1049.4,NA
1976,6.4,78.2,814.7,16.4
1977,NA,73.2,941.9,NA
1978,4.9,76.4,896.4,12.5
1979,5.9,72.3,1137.5,25.2
1980,3.9,78.1,787,9.9
1981,6.9,73.9,938.4,NA
1982,6,73.2,1011.6,19.8
1983,6.6,78.6,791.1,15.3
1984,6,73.7,1031.8,19.1
1985,6.4,76.1,924.4,24.2
1986,6.5,73.7,1009.7,20.7
1987,6.7,76.4,942.9,21.9
1988,5.4,77.5,763.1,NA
1989,4,76.7,794.3,12.8
1990,4.1,78.3,798.1,12.1
1991,4.9,76.8,913,19.6
1992,NA,77.6,533.3,NA
1993,4.7,77.2,770.9,17.8
1994,5,76.7,828.5,16.8
1995,3.5,77.2,727.7,12.9
1996,5.2,80,722.7,9.6
1997,4.4,79.1,748.2,8.2
1998,3.9,77.2,791.8,13.2
1999,5,78.3,773.4,18.6
2000,6.3,77.2,788.7,10.3
2001,4.7,77.6,861,12.1
2002,7.2,76.8,840.6,13.8
2003,3.7,76.7,705.6,17.4
2004,3.3,76.8,970.6,13.8
2005,NA,77.6,580.6,NA
2006,4.7,78.9,791.7,9.6
2007,4.1,76.7,734.9,13.9
2008,5.1,78.3,822.1,14.3
2009,3.7,76.7,810.3,12.2
2010,4.6,76.8,791.2,15.5
2011,4.2,78.3,702.2,13.9
2012,NA,78.3,732.4,NA
2013,5.9,76.3,702.9,16.8
2014,3.6,78.3,735,16.2
2015,5.7,77.6,873.2,21
2016,4.8,77.6,818.8,13.2
2017,5.1,78.1,768.3,16.2
2018,5.7,78.1,778.4,14.7
2019,5,77.2,993.5,14.5
2020,5,78.3,924.8,15.2
2021,NA,77.6,560.4,NA
2022,3.3,77.2,754.4,12.8
2023,5.5,76.3,735,19.2
2024,4.7,77.2,870.2,15.5
2025,5.2,78.3,920.4,13.1
2026,5.5,77.2,708.4,12
2027,4.1,78.3,714.8,10.5
2028,6.1,76.3,1059.7,23.2
2029,4.8,78.3,730.1,15.5
2030,NA,76.8,581.2,NA
2031,6.4,76.7,1557.1,NA
2032,NA,76.7,404.7,NA
2033,4.2,79.5,730.9,14.4
2034,4,78.9,783.3,11.7
2035,5.3,78,777.5,16.2
2036,4.2,76.8,759.7,11.9
2037,4.3,78.9,819.3,8.3
2038,5.9,77.2,886.6,16
2039,5,78.7,801.2,12
2040,5,76.8,790.2,18.3
2041,4.6,78.4,810.5,13.5
2042,NA,73.6,1055.1,NA
2043,5.2,76.5,902.2,6.9
2044,6.8,77.8,828,16
2045,4.6,75.8,908.5,13.8
2046,6.5,74.9,1017.5,13.6
2047,4.5,77.5,848.4,7.8
2048,NA,75.9,965.4,14.7
2049,6.5,74.9,989.3,15.3
2050,6.8,76.3,941.4,14.4
2051,NA,77.6,820.7,NA
2052,NA,76.4,922.2,NA
2053,7.5,75.2,996.1,14.9
2054,5.7,76.1,901.7,13.8
2055,6.2,76.3,919.3,NA
2056,7.5,76.2,931.7,20.3
2057,6.2,75.5,951.8,NA
2058,5.2,75.9,929.5,14.6
2059,6.3,76,896.6,15.9
2060,6.8,77.4,854.1,18
2061,3.9,77.7,803.2,14.2
2062,3.6,78.4,819.6,4.6
2063,7.1,76.7,858.2,15
2064,6,77.2,860,11.2
2065,NA,74.4,1073.9,NA
2066,6.5,75.7,943.5,12.5
2067,5.6,77.7,825.5,4.7
2068,NA,74.6,978.1,NA
2069,5.3,79.7,728.7,12.6
2070,5.7,77.8,829.9,12.7
2071,4.3,75.7,935.6,18.1
2072,6.2,76,916.1,11.1
2073,5,78.1,782.4,9.8
2074,NA,76.7,934.6,NA
2075,NA,75.7,974.3,NA
2076,NA,77,835,NA
2077,NA,75.1,1013.3,8.3
2078,NA,74.8,1000.1,NA
2079,NA,78.1,808,NA
2080,4,76.5,904.2,8.8
2081,NA,74.2,1032.9,NA
2082,7.5,75,1009.6,22.9
2083,5.9,76.8,912,11.1
2084,5.1,77.8,832.1,12.6
2085,NA,74.1,1097.5,NA
2086,4.7,76.2,925.6,12.3
2087,NA,76.3,937.2,9.3
2088,6.5,77.2,879.9,15
2089,6,75.5,943.9,14.5
2090,NA,75.1,988.3,14.1
2091,6.1,75.5,905.2,18.6
2092,6.7,75.9,939.4,17.8
2093,5,78.5,808.9,12.8
2094,NA,74.3,1018.3,NA
2095,4.5,77.9,792.2,NA
2096,6.8,77.4,865.8,12.3
2097,NA,76.6,949.5,NA
2098,5.8,75.6,927.6,13.7
2099,NA,76.6,972.9,NA
2100,NA,77.2,865.7,NA
2101,5.8,75.8,905.6,9
2102,NA,76.6,813.3,NA
2103,NA,77.2,867.7,12.6
2104,NA,76.3,878.3,NA
2105,5.7,75.2,973.1,13.6
2106,3.9,75.6,969.6,NA
2107,NA,73.7,1043.3,NA
2108,5.5,77.8,841.7,10.8
2109,NA,77.5,866.9,NA
2110,NA,78.1,771.1,NA
2111,6,76.3,849.7,17.4
2112,8.5,75.2,1017,20.6
2113,8.8,77.2,874.6,20
2114,9.9,73.4,1102.1,23.3
2115,5.4,76.9,881.9,NA
2116,4.3,77.5,867.6,10.4
2117,5.6,77,864.9,15.3
2118,6.1,76.9,894,13.3
2119,6.5,76.2,889.2,15.5
2120,7.4,76.9,861.3,14
2121,5.2,77.4,822.4,9.5
2122,NA,77.3,872.6,NA
2123,NA,74.2,1078.7,NA
2124,5,77.5,879.2,8.1
2125,6.2,76.3,942.9,16.6
2126,3.9,77,822.7,9
2127,3.7,77.5,807.8,8.3
2128,4.5,77.8,830.4,9.8
2129,NA,77.1,874.8,NA
2130,8.9,74.3,1154,27.4
2131,7.1,75.9,810.4,NA
2132,8.2,74.3,1011.8,19.3
2133,4.5,76.4,796,16.3
2134,8.7,74.3,1073,23.9
2135,7.3,74.6,1044.6,27.4
2136,7.6,74.5,1013.5,23.6
2137,6.5,72.6,1103.6,21.2
2138,5.6,76.9,908.8,11.7
2139,7,74.2,1050.7,22.8
2140,7.5,74.3,997,25.3
2141,7.5,73.2,1062.8,26.3
2142,NA,76.4,955.4,16.1
2143,5.8,77.6,862.4,11.7
2144,NA,74.3,1042.6,NA
2145,6.1,75.4,975.8,17.1
2146,5.5,74.1,932.4,NA
2147,6.2,74.5,1037.1,23.1
2148,6.6,74.7,1046.8,20.1
2149,6,74.7,1015.5,15.2
2150,7.6,75.6,987.7,25
2151,5.2,75.9,1121.9,13.8
2152,5.5,74.3,818,NA
2153,6.8,75.3,959.4,17.3
2154,7,74.1,1002.1,24.1
2155,6.4,74.8,992.3,17.4
2156,4.6,75.9,922.3,14
2157,6.5,74.8,979.7,NA
2158,NA,74.8,1059.6,NA
2159,NA,76.3,1007.6,NA
2160,7.5,74.1,1086.8,28.3
2161,6.9,74.3,1035,24.1
2162,6.4,75.5,1000.6,24.5
2163,NA,74.1,1127.1,NA
2164,7.9,74.6,1122.2,29.3
2165,6.4,75,988.6,19.9
2166,5.5,74.6,915.8,15.5
2167,7.5,74.8,1071.9,29.5
2168,9.8,74.1,1047.5,34.3
2169,7.2,73.8,1094.8,23.5
2170,8.2,74.9,995.2,22.3
2171,5.1,76.8,940.4,16.9
2172,8.4,74.6,917,30.1
2173,5.2,75,1000.2,14.5
2174,7.8,72.1,1164.4,27
2175,8.6,74.4,989.6,27.3
2176,4.4,75.9,833.3,15.9
2177,8,74.6,968.3,22.6
2178,6.3,74.8,991.7,21.9
2179,7.9,74.6,1061.9,28.8
2180,6.9,74.2,993.7,22.2
2181,5.6,75.6,956.7,18.9
2182,5.9,74.5,934.7,26.1
2183,6.1,74.4,1058.1,22.4
2184,5.8,74.5,997.4,16.7
2185,6.4,74.4,1036.5,21.3
2186,6.8,77.1,839.4,23.5
2187,7.1,73.8,1077.7,23.5
2188,8.1,75.6,1004.8,27
2189,5,77.9,856,14
2190,7.3,74.4,982.6,24.3
2191,6.9,73.6,1086.1,22.3
2192,7.2,74.2,1053.4,17.8
2193,7.3,73.2,1077.4,29.9
2194,5.4,74.3,852.1,20.9
2195,5.7,76.7,912.3,14.6
2196,7.3,72,1118.8,24.5
2197,8,74.6,1026.4,27.2
2198,6.6,75.4,1020.3,22.5
2199,4.2,76.4,888.3,16
2200,NA,74.1,991.4,27.3
2201,5.7,75.5,989.8,14.7
2202,6.7,77.7,827.4,17.2
2203,6.1,77.1,886.1,16.7
2204,6.1,74.8,891.8,21
2205,6.3,76.3,908.8,17.6
2206,5.9,76.3,909.3,14.8
2207,6.5,77.2,822.5,17.4
2208,5.6,80.9,666.3,9.7
2209,5.6,78.4,787.2,12.1
2210,6.4,76.5,894.9,15.4
2211,6.5,76.5,922.5,12.6
2212,7.7,76.1,950.8,20.3
2213,6.6,76.2,893.4,17.9
2214,8,76.1,875.4,24.1
2215,6.4,78.7,757.4,13.4
2216,7.6,76.2,883.1,22.1
2217,NA,77.4,751.9,NA
2218,5,76.6,885.9,18.7
2219,5.5,76.6,910,13.4
2220,5.3,77.4,803.8,15.4
2221,6.5,78,814,16.4
2222,6.1,76.2,949.1,23.1
2223,6.5,76.8,879.5,18.4
2224,6.7,75.5,930.9,19.4
2225,5,76.6,879.1,NA
2226,6.8,77.8,792,14.9
2227,7.2,75.8,897.6,22.9
2228,7.2,77.5,817.7,21.4
2229,6.1,78.1,763.9,16.4
2230,6.2,77.5,843.1,16.2
2231,NA,76.6,877.3,17.5
2232,6.5,76.6,894.4,14.2
2233,5.4,80.9,670.8,16.1
2234,NA,77.4,742.5,NA
2235,6.8,77.1,843.9,14.7
2236,6,77.1,848,20.1
2237,5.7,78.3,795,16.9
2238,4.5,77.2,781.7,15.3
2239,6.8,77.4,924.2,18.5
2240,5.3,79.5,732.4,12.5
2241,NA,76.2,746.2,NA
2242,7.1,78.1,800,19.1
2243,7.1,78.2,844.6,16.1
2244,6.3,76.7,876.8,15
2245,8.7,76.9,889.4,19.6
2246,6.6,77.1,868.6,18
2247,6.7,77.5,807.6,18.3
2248,5.8,77.4,801.2,13.4
2249,6.6,76.1,951.4,21.7
2250,5.3,77.3,840.6,11.7
2251,5,77.7,817.7,10
2252,6.3,77.9,836.9,11.4
2253,7.6,77,854,21.6
2254,NA,76.9,837.5,NA
2255,7.4,75.9,927,19.5
2256,5.4,79.4,781.6,10.9
2257,4.8,78.7,754.3,9.3
2258,6.3,76.3,889,20.6
2259,6,77.5,836.9,18.8
2260,5.7,76.7,866.2,10.6
2261,6.2,77.9,835.8,17.4
2262,6.8,76.8,874.8,17.6
2263,5.5,78.8,778.5,12.3
2264,5.7,76.7,858,13.6
2265,6.2,77,845.6,13.8
2266,5.9,77.4,819.4,17.3
2267,6.1,76.9,824.9,13.3
2268,7.4,75.8,898,20.3
2269,NA,76.3,1123.3,NA
2270,4.9,78,768.9,16.6
2271,NA,77.7,835.2,NA
2272,8.2,75.8,957.5,27.3
2273,6.3,77.7,803.3,15.7
2274,6.2,77.2,863.5,12.5
2275,5,77.1,871.4,10.3
2276,NA,76.7,847.5,14.3
2277,5.8,76.4,903.1,16
2278,5.6,78.5,769.1,11.9
2279,7.1,76.9,865.2,18.1
2280,6.2,78.2,791.1,13.7
2281,6.1,77.8,782.1,12.3
2282,6.5,76,933.3,18.3
2283,6.1,77.4,814.7,16.9
2284,5.1,75.7,924.2,13
2285,6.5,76.6,850.7,17.2
2286,5.5,77,847.5,18.6
2287,6.7,77.3,858.8,15
2288,5.2,78.8,757.1,11
2289,6.1,77.4,929.2,13.3
2290,5.5,78.8,756.5,13.7
2291,6,76.4,870.4,17.8
2292,6.5,75.9,911.1,11.1
2293,7.3,72.3,1046.6,18.8
2294,5,78.2,756.5,16.2
2295,NA,76.9,901.9,15.3
2296,6,75.8,930.5,14.7
2297,3.8,78.3,783.4,16.3
2298,6,77,851.1,16
2299,NA,77.3,1010.9,NA
2300,5.2,76.3,914.6,21.7
2301,7.2,77.5,829.8,15.7
2302,3.9,78.8,736.1,13.6
2303,5.5,76.1,918.1,16.4
2304,6.2,76.7,893,15.6
2305,6.4,77,872.9,15.4
2306,7.5,76.5,911.1,22
2307,6.5,77.6,848.9,16.2
2308,6.5,76.4,859.5,18.3
2309,6,78.2,769,12.7
2310,5.5,79.5,771.5,11.3
2311,6.3,77.5,849.1,14.2
2312,5.2,79.3,732,10.9
2313,6.5,77.7,816.4,16.2
2314,5.5,79.1,691.3,10.2
2315,7.1,76.8,857.7,16.9
2316,6.9,74.8,978.3,18.5
2317,7.7,72.7,1068.8,NA
2318,7.1,74.8,996,19.9
2319,8,72.7,1028.4,29.1
2320,7,74.8,1074.6,19.6
2321,4.9,78.9,728.8,11.3
2322,6.4,75.3,926,14
2323,5.4,74.3,946.4,14.9
2324,5.5,75.6,918.4,12.4
2325,6.3,74.1,1066.2,16.4
2326,6.7,73.8,995.3,23.5
2327,6.8,72.3,1042.5,24
2328,6.6,74,971,21.9
2329,7.7,73.6,1013.7,19.9
2330,6.4,72.2,1119.1,19.2
2331,7.6,71.9,1172.1,21.6
2332,6.3,75.1,961.8,15.2
2333,5.2,74.7,955.5,22.8
2334,5,72.5,1216.2,22.7
2335,5.9,72.7,1034.7,18.3
2336,5.5,74.8,886.3,14.4
2337,5.5,76.1,898.9,14.1
2338,5.7,74.6,956.4,15.2
2339,5.5,74.7,1021,23.7
2340,6.4,75.5,889.7,16.3
2341,6.9,74.7,911,21.7
2342,6.2,74.9,954.1,17.2
2343,5.6,73.8,1008.3,15.3
2344,7,74.4,1013.2,21.4
2345,6.6,74.3,1036,26.6
2346,5.7,76.2,907.5,13.8
2347,6.1,76.8,977.7,NA
2348,6.3,71.4,1121.1,24.2
2349,7,69.6,1235.8,23.9
2350,6.7,75.8,952.1,20.8
2351,6.4,76.5,883.3,16.9
2352,7.6,72.8,1015.9,20.6
2353,6.8,76.7,856.5,15.8
2354,5.3,74.7,960.2,13.2
2355,8.1,74.7,978.2,24.6
2356,6,74.4,989.7,17.1
2357,5.4,74.3,951.6,18.7
2358,9.1,73,1027.7,28.2
2359,6.5,72.3,1064.9,25.1
2360,6,75.7,925.9,12.9
2361,4.4,78.8,816.3,12.1
2362,4.9,78.5,775.1,14.3
2363,6.5,66.6,1017.7,17.3
2364,5,78.3,701,19.3
2365,4.4,80.3,689,8.2
2366,5.4,78.1,773.8,14.8
2367,5.3,78.8,717.7,13.9
2368,NA,77,1822.6,NA
2369,5.8,77.5,894,18.7
2370,NA,74.6,552.1,NA
2371,5.1,78.3,865.7,18.9
2372,3.1,78.8,743.2,12.1
2373,4.3,78.3,837.2,6.9
2374,4.7,78.6,758.3,12.1
2375,5.4,74.6,1128.9,19.6
2376,5.9,77.6,815.3,11.6
2377,4.6,78.8,777,11.6
2378,4.2,76.8,924,15.3
2379,5.1,78.8,720.6,16.3
2380,5.4,74.6,1109.8,19.4
2381,5.1,78.8,677.2,16.8
2382,4.9,77,736.1,18.3
2383,6.1,77.6,954,18.1
2384,5.5,77,677.3,15
2385,4.6,78.6,807.1,19
2386,4.9,78.3,759.5,18.1
2387,4.2,74.6,769.5,17
2388,4.2,78.8,806.9,9
2389,4.7,77,672,14.4
2390,5.8,79.1,599.7,8.4
2391,NA,77.5,704.3,NA
2392,4,78,760.8,11
2393,4,78.5,759.7,14.6
2394,NA,77,810.2,NA
2395,4.1,66.6,968.9,9.9
2396,4.3,78.5,687.1,12.6
2397,NA,77,656.1,NA
2398,4.5,79.2,840.4,14.1
2399,4.4,79.2,735.6,14.4
2400,5.1,79,763.4,10.9
2401,3.9,78.5,709.7,6.6
2402,6.3,77,924.3,13.7
2403,5.4,79.1,823.7,9.8
2404,6.6,77,659.7,23.9
2405,4.7,76.8,696.4,16.7
2406,5.4,77.5,824.7,12.6
2407,NA,66.6,1104,NA
2408,6.4,79.1,785,19.1
2409,4.8,78.5,770.1,9.7
2410,4.8,79.2,771.6,13.6
2411,5.5,77.6,806.4,12
2412,4.2,74.6,774.4,17.3
2413,4.2,78,831.5,19.3
2414,4.5,76.8,963,16.1
2415,5.7,78.5,801.7,11.4
2416,6.6,66.6,1869.6,16.1
2417,5.4,78.8,817.2,14.6
2418,4.8,78,806.8,12.9
2419,NA,78,555.5,NA
2420,4.6,66.6,1393,16.3
2421,3.8,77,805.6,16.7
2422,4.3,79.1,795,13.2
2423,3.7,78.3,771.3,10.3
2424,4.9,78,962.9,16.4
2425,4.6,78.5,750.6,11.6
2426,6.3,74.6,1040.6,21.4
2427,7.1,76.3,900.7,28.4
2428,5.9,74.6,1011.3,17.1
2429,7.3,74,1001.5,NA
2430,NA,74.2,1095,NA
2431,5.2,76.4,967.6,18.8
2432,5.9,75.4,976.6,18.9
2433,9.1,74.4,1034,35
2434,4.7,73.8,1020,15.4
2435,5.8,73.1,1129.3,26.1
2436,8.6,75.5,969.9,26.9
2437,4.9,75.1,963.9,18.4
2438,4.8,73.9,920,16.2
2439,7.1,73.9,1117.8,30.1
2440,NA,74,1066.5,NA
2441,6.7,72.7,1161.7,16.4
2442,5.5,75.4,1015.7,18.2
2443,NA,73.4,1047.4,NA
2444,7,76.9,832.5,28.2
2445,5.3,74.8,981.9,14.8
2446,NA,73.5,1040.1,NA
2447,5.5,73.8,1031.8,NA
2448,5.7,75,1018.9,22.3
2449,6.6,73,1101.8,26.9
2450,NA,74.9,919.7,15.6
2451,NA,73.4,1153.3,NA
2452,5.4,75.9,927.1,17.3
2453,6.6,73.4,1121.7,22.7
2454,5.1,75.4,1018.5,26.6
2455,5.2,74.2,1074.8,NA
2456,6.6,74.2,1032.3,24.2
2457,NA,73.5,1101.5,NA
2458,8.9,74.9,1031.9,27.1
2459,5.6,75.4,944.4,17.3
2460,NA,74.2,1104.5,NA
2461,8.6,73.9,1029.9,27.1
2462,4.3,73.8,1048,25.2
2463,6.7,75.6,947.1,24.8
2464,5.6,73.9,1045.7,NA
2465,4.6,73.5,1115.4,21
2466,4.9,74,1068,27
2467,NA,74.4,1060.4,21.3
2468,NA,74,992.6,NA
2469,NA,74.4,1027.7,NA
2470,NA,74,1123.7,NA
2471,5.6,75.5,957.7,20.4
2472,7.9,75.5,979.7,NA
2473,5.6,76,929.8,15.1
2474,NA,73.9,1247,NA
2475,6.6,72.4,1120.1,20.5
2476,7.3,74.8,955,31.2
2477,NA,75,1041.9,NA
2478,4.2,74.1,1009.3,16.1
2479,6.9,76,938.1,18.6
2480,7.8,75.5,991.5,26.8
2481,5.2,73,1083.5,20.2
2482,NA,74.6,1037.7,NA
2483,5,75,953.5,21.6
2484,8.4,73.4,1111.1,25.2
2485,7.3,75.1,993.7,26
2486,4.9,75.1,1025,21.5
2487,4.5,75,1014.4,16.9
2488,7.6,74.3,963.4,26.4
2489,6.1,75.7,941.9,12.4
2490,NA,75.4,791.1,NA
2491,NA,74.2,1005.5,NA
2492,6.1,73.9,990.5,23.3
2493,7.6,73.4,1096.9,25.3
2494,NA,73.5,1075.1,NA
2495,NA,74,1025,NA
2496,5.1,74.3,1114.4,18.1
2497,5.2,75.8,978.4,15.6
2498,NA,75,939.2,26.5
2499,5.5,75.3,974.1,24.5
2500,6.1,74.8,1032.9,15.2
2501,5.9,76.2,931.2,15
2502,5.6,74.2,1079.3,NA
2503,NA,73.5,985.1,12.9
2504,5.6,76.1,939.8,21.9
2505,5.1,73.2,1039.4,15.6
2506,4.7,74.6,1038.7,20.4
2507,NA,74,1049.9,NA
2508,6.5,75.8,986.6,22.4
2509,6,76.4,906.8,15.7
2510,5.6,74.2,1047.4,21.1
2511,NA,74.6,1085,NA
2512,4.3,75.5,966.5,NA
2513,NA,74.2,1039.3,NA
2514,NA,74.2,922.3,NA
2515,9.7,75.5,967.6,30
2516,6,75.5,964.9,23.2
2517,5.2,75,977.5,NA
2518,7,76.1,930,27.7
2519,8,74.2,1084.7,NA
2520,3.5,78.8,805.3,7.9
2521,5.5,75.8,964.9,15.9
2522,5.1,72,1136.1,17.5
2523,NA,75.5,934.9,NA
2524,8.4,75,988.4,24
2525,NA,75.2,913.3,NA
2526,NA,75.8,745.8,NA
2527,NA,76,794.6,NA
2528,6.8,76.5,935.8,NA
2529,6.4,77,904.4,NA
2530,NA,76.5,832.2,NA
2531,NA,78.1,785,NA
2532,6.4,77,899.5,NA
2533,NA,75.6,995.9,NA
2534,NA,76.6,842.7,NA
2535,5.6,76.7,871.8,16.7
2536,6.1,76.9,849.8,19.2
2537,NA,77.8,826.1,NA
2538,NA,77,565.5,NA
2539,5.7,75.2,974.9,NA
2540,7.7,74.8,1020.5,19.7
2541,5,76.1,944.2,16.9
2542,5.3,78.5,839.3,8.6
2543,NA,76.8,837.7,NA
2544,NA,76.3,949.9,NA
2545,NA,78.5,936.7,NA
2546,5.4,75.5,1004.1,23.5
2547,NA,76.6,849.7,NA
2548,6.4,77,819.5,20.2
2549,4,76.4,848.2,NA
2550,3.9,76.6,886.1,NA
2551,4.8,76.2,896,NA
2552,5.5,80.1,688.2,26.7
2553,NA,73.5,1098.8,NA
2554,NA,76,871,NA
2555,7.7,73.5,970.8,27.7
2556,NA,76.8,892.5,NA
2557,NA,75.7,953.2,NA
2558,5.3,75,991.2,NA
2559,NA,75.2,993.1,NA
2560,NA,75,841.2,NA
2561,NA,76.5,959.3,NA
2562,NA,76,939.5,NA
2563,NA,75.4,1015.1,NA
2564,5.2,79.7,752.8,11.4
2565,NA,75.2,930.7,NA
2566,NA,76.3,930.5,NA
2567,5.3,78.8,759.8,23.4
2568,NA,76,927.9,NA
2569,NA,75.4,800.7,NA
2570,NA,76.3,913.7,NA
2571,6.1,76.7,868.2,10.6
2572,NA,77,827,NA
2573,NA,75.3,1008.3,NA
2574,NA,76.9,920.3,NA
2575,NA,75.4,965.3,NA
2576,NA,77.9,855.6,NA
2577,NA,77.3,1079,NA
2578,5.7,76.3,878.3,20.6
2579,NA,77,879,NA
2580,NA,76.8,898.6,NA
2581,NA,75,1024,NA
2582,4.5,78.3,856.8,12.1
2583,4.6,76.3,949.7,NA
2584,NA,75.4,1019.4,NA
2585,NA,75.4,893.1,NA
2586,NA,75.2,954.3,NA
2587,NA,77.7,894.5,NA
2588,4.7,75,1019,NA
2589,6.3,75.4,1005.5,22.6
2590,NA,76.8,695.2,NA
2591,5,75.5,976.3,17.6
2592,6.1,78.3,787.3,22.9
2593,5.2,77,873.6,17.1
2594,NA,74,994.9,NA
2595,NA,74.5,1061.8,NA
2596,NA,77,819.3,10.4
2597,NA,77,844.9,NA
2598,NA,76.3,869.6,NA
2599,NA,77,798,NA
2600,4.7,78.9,773,12.7
2601,NA,75.7,858.4,NA
2602,NA,74.4,920.4,NA
2603,NA,75.4,866.8,NA
2604,NA,77,868.3,NA
2605,6.1,75.4,988.4,17.2
2606,NA,75.4,1056.9,NA
2607,4.9,78.8,717.8,7.2
2608,NA,76.2,640.8,NA
2609,NA,76.3,795.9,NA
2610,NA,76.4,908.9,NA
2611,NA,76,909.2,NA
2612,6.7,75.4,944.5,20
2613,5.9,74.4,1032.7,22.9
2614,NA,74.9,952.5,NA
2615,5.7,78.1,783.7,16.7
2616,5.9,77.3,827.7,15.9
2617,NA,76.3,964.1,NA
2618,NA,75.2,975.4,NA
2619,NA,75.9,922.1,NA
2620,NA,75.2,970.9,NA
2621,6.4,73.9,1046.3,19.6
2622,5.5,76.3,899.8,18.6
2623,7.6,74.7,977.3,24.6
2624,NA,77.3,620,NA
2625,NA,77,915.3,NA
2626,6.2,78.7,801.5,15.7
2627,NA,75.9,870.9,NA
2628,6.5,74.5,971.8,24.7
2629,5.6,80.2,660.7,29.4
2630,5.5,75,975.1,21.1
2631,5.2,76.6,919.3,14.9
2632,6.6,75.9,909,20.1
2633,NA,75,988.8,18.2
2634,5,73.3,1019.5,NA
2635,7,74.5,1030.1,NA
2636,NA,77.9,775.8,NA
2637,4.5,75.1,977.9,17.4
2638,5.9,76,960.7,21
2639,NA,76.2,690.5,NA
2640,NA,75,933.1,NA
2641,NA,76.6,921.9,NA
2642,5.8,74.6,1026.7,NA
2643,NA,77.9,765.7,NA
2644,6.4,74.8,985.1,16.6
2645,NA,77.7,868.6,NA
2646,NA,76.1,929.1,NA
2647,7.7,75.5,1011.1,19.1
2648,NA,76.2,950.9,NA
2649,NA,77.1,921.5,NA
2650,6.3,74.4,1080.8,17.7
2651,4.8,78.1,840.4,13.5
2652,NA,78.5,895.8,NA
2653,NA,75.4,971.5,NA
2654,5.8,78.3,802.3,16.6
2655,NA,78.8,889.5,NA
2656,NA,77,672.3,NA
2657,NA,76.8,766.3,NA
2658,NA,76.7,851.4,NA
2659,NA,77,885.7,NA
2660,7.1,74.7,958.8,21.4
2661,NA,76.5,937.8,NA
2662,NA,76,913.8,NA
2663,NA,75.4,997.9,NA
2664,3.4,76.3,843.8,NA
2665,NA,76.6,853.4,NA
2666,NA,74.4,979.5,NA
2667,7.4,72.6,1153.2,18.6
2668,5.5,74,1131.9,NA
2669,NA,75.9,840,NA
2670,NA,77.1,737.3,NA
2671,NA,77.8,790.9,NA
2672,NA,75.5,NA,NA
2673,5.7,76,918.4,15.5
2674,NA,75.4,1003.9,NA
2675,NA,75.4,1043.7,NA
2676,5.9,75.8,895.8,16
2677,NA,77.1,802.1,NA
2678,NA,74.9,934.3,NA
2679,NA,73.5,1005.4,NA
2680,NA,77,978.1,NA
2681,NA,75.4,865.6,NA
2682,6.3,74.4,1034,22.2
2683,5.2,78.1,737.5,NA
2684,6.2,77.3,802.5,NA
2685,NA,75.4,912.7,NA
2686,5.1,77.1,869.9,13.1
2687,NA,75.7,905.2,NA
2688,NA,76,843.9,NA
2689,NA,76.2,1040.8,NA
2690,NA,75,1090.3,NA
2691,5.6,75.9,933.2,19.6
2692,NA,77.3,885,NA
2693,NA,73.5,1081.1,NA
2694,NA,76.3,893.9,NA
2695,7.6,75.2,938.8,22.4
2696,7,74.6,1007.4,NA
2697,NA,74.6,944.1,NA
2698,NA,76,991.3,NA
2699,6.6,76.3,896.4,18.3
2700,NA,75.9,991.4,NA
2701,NA,77.3,1036.9,NA
2702,8.3,73.7,1071.7,25.6
2703,7.3,73.7,1045.1,NA
2704,6.9,76.3,926.5,NA
2705,6.4,76.1,985,18.1
2706,NA,76.8,831.1,NA
2707,NA,76.8,875.4,NA
2708,6.2,73.8,1039.6,27.1
2709,7.2,72.9,1114.5,20.5
2710,NA,77.9,616.3,NA
2711,NA,75.1,949.4,NA
2712,6.5,78.8,796,18
2713,NA,76.9,1097,NA
2714,NA,76.8,920.3,NA
2715,NA,74.7,1043,NA
2716,NA,77.9,900.7,NA
2717,NA,75.2,922.8,NA
2718,NA,75.9,1030.6,NA
2719,NA,74,991.5,NA
2720,6.3,77.5,900.3,9.2
2721,NA,76,866.4,NA
2722,4.9,75.2,952.4,26.4
2723,NA,73.1,1022,NA
2724,NA,75.2,974.7,NA
2725,NA,75.2,865.7,NA
2726,6.2,75.5,970,18.4
2727,NA,77.8,792.2,NA
2728,NA,76.9,830.8,NA
2729,NA,76.2,917.8,NA
2730,NA,76.2,995.8,NA
2731,NA,73.1,1044.6,NA
2732,NA,77.3,866.8,NA
2733,5.5,76,905.4,18.7
2734,NA,75.2,961,NA
2735,NA,79.6,713.2,NA
2736,NA,75,951.3,NA
2737,NA,76.2,720,NA
2738,NA,77,853.6,NA
2739,NA,76.9,985.3,NA
2740,NA,76.3,928.5,NA
2741,5.7,76.3,907.1,16.3
2742,7.3,76,960.2,19
2743,NA,76.9,999.1,NA
2744,NA,76.8,893.6,NA
2745,NA,75.6,881.4,NA
2746,6.1,75.7,943.8,NA
2747,5.3,76.2,911.1,14.2
2748,5.2,78.2,790.8,13.3
2749,NA,75.2,991.8,NA
2750,4.9,73.8,979,NA
2751,8,74.4,1081.1,NA
2752,NA,75.3,991.5,NA
2753,NA,76.8,841,NA
2754,5.5,76.9,780.2,NA
2755,6.1,75.1,966.4,20.1
2756,6.2,76.7,861.5,24.7
2757,6.3,74.9,931.2,20
2758,NA,75.7,920.2,NA
2759,NA,75.3,941.3,NA
2760,6.5,76.6,861.5,11.4
2761,6.6,78.5,755.1,24.4
2762,4.6,76.8,909.6,NA
2763,NA,75.2,1034.2,NA
2764,6.4,75.1,1016.6,15.4
2765,NA,75.6,974.6,NA
2766,NA,78.5,701.3,NA
2767,4.8,79.7,700,12
2768,4.7,77.8,852.6,13.1
2769,NA,75.5,1000.8,NA
2770,5.2,75.2,1008.8,17.9
2771,8.3,75.3,964.9,22.4
2772,NA,76.8,868.6,NA
2773,NA,75.8,996.7,NA
2774,NA,77.7,727.3,NA
2775,NA,75.4,949.9,NA
2776,6.3,76.9,903.3,11.1
2777,6.5,78.4,811.2,12.9
2778,5.4,80.6,675.4,8.3
2779,7.1,79,927.9,18.1
2780,NA,76.3,651.8,NA
2781,5.7,79.4,775.1,9.3
2782,6.1,76.3,1032.9,17.7
2783,6.2,77.6,807.8,14.2
2784,6.3,77.8,852.2,15
2785,5.3,77.6,833.9,14.4
2786,5.8,79.4,744.5,12
2787,6.3,76.9,869.1,19.2
2788,6.3,77.8,796.2,16.1
2789,6,76.9,911.2,14.9
2790,4.5,80.8,665.9,8.1
2791,NA,77.6,895.8,NA
2792,NA,80.6,611.2,NA
2793,6,78.1,806.3,12.2
2794,5.8,77.8,737.7,16
2795,6.7,77.9,827.1,16.6
2796,7.6,77.9,848.8,16.1
2797,4.5,80.8,737.3,8.5
2798,6.4,77,895.8,13.1
2799,6.5,76.3,872.3,15.7
2800,5.7,79,748.9,9.6
2801,5.1,79,851.4,9.5
2802,6.6,80.7,631.8,14
2803,4.3,77.6,781.3,9.9
2804,6.4,77.6,827.9,13.2
2805,5.4,78.6,776.2,10
2806,6.5,77.9,784.6,13.7
2807,5.9,77.3,831.1,13.4
2808,5.2,78.7,786.5,8.4
2809,6.3,77,856.3,17.8
2810,5.7,76.9,915.2,11.5
2811,4.4,78.7,848.9,9.7
2812,5.6,78,795.4,11.4
2813,5.1,78.6,794.6,11.7
2814,5.9,77,836.7,14.5
2815,6.1,77.3,805.4,13.2
2816,5.6,78,775.9,10.2
2817,5.7,78,811.2,11.2
2818,5.3,79,741.1,12
2819,6.8,74.9,974.8,23
2820,5.3,78.1,734.1,10.3
2821,6.1,76.1,969,NA
2822,7.4,76.7,988.7,NA
2823,7.4,76.7,897.5,25.4
2824,3.7,75.9,935.6,13
2825,4.7,80.1,639.4,7.7
2826,6.3,77.4,786.1,12.7
2827,NA,77.4,1094.9,NA
2828,6.8,77.5,792.5,16.6
2829,NA,74.7,980.8,NA
2830,5.8,77.8,810.7,18.3
2831,6.1,73.7,1086.1,21.7
2832,11.7,72.8,1186,NA
2833,6.7,75.3,927,14
2834,6,76.7,870.8,15.1
2835,4.4,74.6,947.5,12
2836,9.7,77.3,850.3,26
2837,NA,76.9,1062.4,NA
2838,5.5,74.8,1084.6,18
2839,5.8,77.5,878.4,10.1
2840,NA,79.1,884.9,NA
2841,NA,75.7,908.4,NA
2842,6.6,76.1,968.4,18
2843,NA,77.1,938.1,10
2844,10.5,74.1,1049,31.1
2845,6.8,75.8,938.2,16.6
2846,NA,74.6,973.4,NA
2847,3.8,80.9,633.3,7.5
2848,6.8,77.5,850,10.9
2849,4.6,76.5,836.3,12.9
2850,5.6,77.1,819.3,9.9
2851,5.6,76.7,835.2,13
2852,4.5,77.7,793.9,11.5
2853,7.4,75.7,1017.8,NA
2854,6.2,76.6,879.6,14.6
2855,5.8,75.8,887.3,8.9
2856,5.3,75.1,940.9,NA
2857,NA,77.3,902.4,NA
2858,NA,73.3,941.3,NA
2859,6.8,74.2,995.1,20.3
2860,6,77.4,847.7,12.7
2861,5.7,76.9,849.5,10
2862,8.2,74.6,918.4,18.8
2863,NA,77.4,956.3,NA
2864,4.4,76,954.7,8.1
2865,4.4,79.9,616.2,9.3
2866,NA,76.2,978.7,NA
2867,NA,75.1,896.1,13.8
2868,4.8,76.2,999.1,13.9
2869,4.6,75.7,926.1,NA
2870,10.8,73.2,1092.2,32.5
2871,3.6,79.1,745.1,5.6
2872,7.5,75.8,995.5,17.8
2873,NA,74.8,953.7,NA
2874,6,77.3,831.9,7.8
2875,3.5,76.6,904.2,11.9
2876,5.9,74,1000.8,19.8
2877,2.2,76.2,905.9,9.1
2878,6.1,77.8,874.7,10.5
2879,4.6,75.9,983.3,13.4
2880,4.7,76.9,966.1,10.4
2881,4.7,74.9,1036.7,22.2
2882,NA,75.7,874.6,NA
2883,7.4,73.7,1090.7,22.4
2884,5.3,76,931.4,15.2
2885,7.3,76.8,916.7,18.1
2886,7.3,76.5,891.2,21.3
2887,6.4,75.9,903.9,21.7
2888,7,76.7,901.2,14.8
2889,5.6,75.3,1012,11.1
2890,4.1,77.5,840.7,5.7
2891,5.8,77.4,803.3,10.8
2892,9,75.2,1000,28.1
2893,NA,77.5,956.5,NA
2894,6.4,75.7,949.3,14
2895,7.1,78,815.4,15.7
2896,NA,76.3,859.8,17.1
2897,6.5,79.1,760.4,12.1
2898,8.5,74.1,1043.7,29.1
2899,7.6,75.3,990.2,29.2
2900,4.5,77.2,857.8,14
2901,7.7,75,987.9,17.5
2902,5.4,74.4,951.9,16.4
2903,5.2,76.6,862.3,12.2
2904,5.3,78.1,865.2,8.2
2905,NA,76,1012,NA
2906,NA,73.3,1092.8,NA
2907,7.3,74.7,1055.3,25.1
2908,6.3,75.8,961.3,14.1
2909,6.9,75.8,901.5,18.3
2910,7.8,75.1,991.7,NA
2911,8.6,73.4,1076.8,24
2912,8.3,75.3,1023.8,16.5
2913,4.8,78.5,807.5,6.5
2914,4.9,78.1,691,8
2915,NA,77.5,1133,NA
2916,5.2,75.8,989.4,15.4
2917,NA,76.3,1078.3,NA
2918,6.7,78.1,926.3,8.7
2919,5.9,75.9,916.5,11.4
2920,NA,77.5,934.5,NA
2921,NA,76.1,1054.2,NA
2922,7.3,72.7,1096.3,21.9
2923,NA,73.3,1325.9,NA
2924,NA,80.9,973.2,NA
2925,NA,80.1,699.1,NA
2926,6.7,74.4,1163.7,12.7
2927,6.4,76.6,1088,14.9
2928,NA,75.1,1196.3,NA
2929,6,75.6,913.2,11.9
2930,5.5,76.8,824,6.6
2931,7.7,73.1,1111.7,22.3
2932,NA,76.3,893,NA
2933,5.6,75,953.8,14.8
2934,4.7,77.4,1083.8,12.1
2935,NA,77.4,1010.3,NA
2936,5,74.6,1133.1,16.9
2937,6.5,74.7,931.7,14.4
2938,6,73.3,1032.2,12.5
2939,NA,73.4,1115.3,NA
2940,7.1,69.6,1258,18.6
2941,NA,78.5,991.3,NA
2942,6.1,72.8,1024.7,19.3
2943,7.4,75.2,950.4,16.3
2944,5.8,71.1,1107.4,13.6
2945,6.9,73.6,1046.6,19.5
2946,5.5,78,999.8,15.7
2947,6,76.7,906.9,7.9
2948,4.7,74.2,1061.8,17.9
2949,6.1,77.8,812.7,10
2950,NA,77.4,934.1,NA
2951,NA,79.9,1276,NA
2952,6,75.2,1023.4,14.8
2953,5.2,77.3,833.7,19.4
2954,6.3,77.7,811.2,15.4
2955,6,78.8,789.6,14.3
2956,6.2,78.9,745.3,14.9
2957,6.3,78.1,769.1,16.2
2958,5.8,78,803.5,12.4
2959,5.8,77.7,917.8,10.6
2960,6.9,76.4,916.6,17.5
2961,6.1,79.6,740.3,15.7
2962,6,76.4,948.8,17.3
2963,5.6,77.3,840.9,16.5
2964,5.3,77.7,826.1,NA
2965,5.8,77.7,791.1,16.4
2966,6.8,74.9,989.5,19.1
2967,5.2,80.3,715,9.4
2968,5.6,79.5,691.9,14.1
2969,5.6,79.2,712.2,10.5
2970,6.3,77.9,825.2,13.5
2971,5.2,78.8,756.3,11.9
2972,5.9,77.3,806.8,13.8
2973,5.7,76.3,897.3,15.6
2974,5.5,77.7,754,16.5
2975,6.9,76.4,853.9,18.6
2976,6.2,76.4,853.8,16.3
2977,6.1,76.5,891.2,18.1
2978,5.3,77.1,917.9,16.5
2979,6.3,77,879.8,13.5
2980,5.8,80.3,562.4,12
2981,6.3,78.2,794.2,16
2982,5.4,77.3,812.5,12.7
2983,6.3,78.4,806.5,12.3
2984,6.3,77.7,823.5,13.8
2985,7.1,77.1,865.7,18.6
2986,6.3,78.3,783,13.5
2987,6.4,76.5,936,14.1
2988,6.1,78.8,769.5,13.3
2989,6.2,79.1,747.4,11.3
2990,5.3,80.1,707.7,7.9
2991,6.1,77.2,824.3,18.6
2992,8.2,74.9,1007.3,29.6
2993,7.5,75.1,980.6,18.3
2994,12.6,73.3,1128.4,33.6
2995,8.1,75.3,937.7,30.2
2996,7.6,75.7,947,23.4
2997,7.4,74.5,1027.1,21.4
2998,9.6,75.2,993,28.6
2999,9.9,74.4,1127.5,26.7
3000,NA,75.1,1029.5,22.3
3001,10.8,73.7,1052.8,30.1
3002,8.3,74.4,969.2,27.3
3003,7.4,77,870.7,22.2
3004,8.4,75.4,954,27.1
3005,6.6,76.1,928.6,21
3006,7.1,76.3,979.5,17
3007,7,76.1,996.2,20.6
3008,7.3,74.9,1021.6,18.8
3009,8.1,76.1,973.2,26.9
3010,7.4,75.5,1002.4,17.7
3011,7.9,74.8,1016.4,20.4
3012,10.1,74.4,1049.3,28.6
3013,9.3,72.6,1138.6,31.5
3014,10.9,71.2,1235.9,36.6
3015,11.5,70.4,1254.9,43.6
3016,7.4,76.3,971.2,22.8
3017,6.9,76.3,892.3,20.3
3018,8,74.4,1032,26.2
3019,8.5,74.2,1030.1,28.8
3020,6.7,75.2,976.7,20.5
3021,11.9,71.5,1242.6,37.2
3022,6.2,77.2,900.4,15.6
3023,8.6,75.2,896.6,29.9
3024,9,75.1,957.6,21.3
3025,9.5,74.4,1000.6,30.7
3026,7.1,75.5,945.3,17.5
3027,4.9,77,837.4,26.1
3028,6.9,75.1,987,17.4
3029,6.6,75.3,967.7,24.6
3030,6.7,75.5,1026.6,21.8
3031,6.4,76.2,954.2,21.2
3032,8.9,74.8,1016.1,30.8
3033,8.1,75.4,1025.5,23.4
3034,7.8,75.1,1087.4,19.2
3035,7.8,75.2,1040.4,25.4
3036,8.5,75.2,989.7,34.3
3037,8.7,74.9,996.5,20.1
3038,6.7,77,893.9,28.3
3039,NA,75.5,1000.7,24.2
3040,8.1,75.8,966.3,24.1
3041,9.5,75.4,1000.8,26.8
3042,11.5,75.3,1029.1,40.7
3043,6.9,75.5,1012.6,24.6
3044,5.3,75.2,953.3,NA
3045,7.9,76,960,19.5
3046,10.3,72.9,1102.7,37
3047,6.4,77.1,838.7,20.5
3048,7.8,77.3,910.5,12.5
3049,7.3,78.2,798.7,16.2
3050,5.8,76.3,864.2,10.4
3051,5.6,78.6,738.4,12
3052,4.6,78.1,787.7,15.3
3053,5,77,887.7,NA
3054,4.9,80.1,691.2,12.1
3055,5.8,78.1,804.7,12.6
3056,5,79.6,728,13.4
3057,5.5,77.5,838.1,12.3
3058,5.2,78.5,832.8,13.8
3059,5.8,79.4,729.3,8.2
3060,6.1,77.6,872,12.4
3061,5.1,78.7,754.2,9.7
3062,8.1,76.7,883.2,13.5
3063,5.5,79.7,722,10.6
3064,5.6,80,718.8,9.7
3065,NA,77,795.2,NA
3066,5.6,78.6,770.8,13.7
3067,6.5,77,852.9,NA
3068,4.5,78.1,804.7,12.5
3069,4.4,78.7,792.9,11.8
3070,8,77.5,843,15.3
3071,3.7,78,820.8,7.9
3072,NA,77.3,833.9,NA
3073,6.1,77.7,881.3,11.8
3074,6.1,78.5,759.8,10.6
3075,7.3,76.3,899.5,16.9
3076,5.8,77.2,857.8,11.1
3077,3.6,78.7,753.5,9.5
3078,6.3,78.1,803.5,10
3079,3.4,78,791.6,13.2
3080,7.3,76.8,780.5,16.4
3081,5.1,77.5,812.3,14.9
3082,5.3,78.2,785.5,15.2
3083,5.5,79.8,693,10.3
3084,6.6,77,843.8,14.1
3085,6.8,77.1,842.3,15.4
3086,NA,76.8,1340.3,NA
3087,6.8,75.7,913.4,15
3088,5.5,76.7,879.4,13.4
3089,5.8,77.5,812.3,9.2
3090,6.1,78.1,785.4,16.1
3091,4.7,78.8,714.3,8.5
3092,5,79.9,696.8,6.7
3093,NA,78.1,809.2,NA
3094,4.6,79.1,782.9,7.3
3095,5.5,78.2,778.1,12.9
3096,5.4,79.6,705,8.5
3097,NA,77.7,841.5,NA
3098,5.5,77.2,796.9,10.2
3099,5.4,78.5,758.8,12.2
3100,6.4,77.1,819.6,13.3
3101,5.4,77.6,838.7,15.1
3102,4.1,78.4,805.1,9.9
3103,5.5,78.4,763.9,12.5
3104,6,76.3,942.3,8.8
3105,6,77.6,836.2,13.2
3106,5.5,78.5,782.1,12
3107,4.7,77.6,775.2,15.9
3108,6.4,77.7,813.6,19.9
3109,3.7,78,809.8,9.4
3110,4.8,77.7,822.4,12
3111,6.5,78.1,811.7,15.7
3112,5.3,77,852.5,16.5
3113,4.8,79.6,739.5,8.9
3114,5.1,79.7,740.8,9.9
3115,7.4,76.3,941.8,16.2
3116,6.1,77.5,821.7,15.8
3117,5.9,79.1,766.7,11.7
3118,5.4,79.7,699.7,12.7
3119,5.5,77.4,840.2,9.1
3120,6.1,77.7,886,14.5
3121,5.2,76.4,956.6,11.3
3122,6.4,77.4,947.5,14.9
3123,6.2,77.4,894.4,15.5
3124,5.5,77.4,762.6,13.1
3125,5.7,73.9,1002,13.1
3126,6,77.2,770.5,18
3127,6.3,77.8,850.2,17.9
3128,5.1,77.7,787.2,11.1
3129,5.4,77.2,864.9,11.5
3130,5.5,78.2,796.2,12
3131,6,76.6,909,14.2
3132,5,77.4,919.1,13.4
3133,5.2,77.8,762.8,11.7
3134,4.9,77.2,916.3,13.9
3135,5.8,77,872.4,13.6
3136,4.4,76.1,883.9,10.3
3137,6.2,76.1,914.8,12.1
3138,4.5,78.2,717.6,6
3139,6.2,78.2,887.3,12.6
3140,5.4,77.7,867.5,14.9
3141,5.1,77.4,816.9,16.1
